control,ano,quantidade_litros
vinho_de_mesa,1970,98327606
vinho_mesa_tinto,1970,83300735
vinho_mesa_rosado,1970,107681
vinho_mesa_branco,1970,14919190
vinho__fino_de_mesa,1970,4430629
vinho_mesa_tinto,1970,435354
vinho_mesa_rosado,1970,183234
vinho_mesa_branco,1970,3812041
vinho_frizante,1970,466480
vinho_organico,1970,0
vinho_especial,1970,7325789
vinho_especial_tinto,1970,4730346
vinho_especial_rosado,1970,1229564
vinho_especial_branco,1970,1365879
espumantes_,1970,2743678
espumante_moscatel,1970,0
espumante,1970,0
espumante_organico,1970,0
suco_de_uvas,1970,2626855
suco_natural,1970,0
suco_adocado,1970,0
suco_reprocessado,1970,0
suco_organico,1970,0
outros_sucos,1970,0
suco_de_uvas_concentrado,1970,0
nan,1970,19844550
outros_outros_vinhos__sem_informdetalhada,1970,0
outros_agrin,1970,0
outros_aguardente,1970,0
outros_alcool_vinico,1970,0
outros_bagaceira,1970,1192987
outros_base_champenoise,1970,0
outros_base_charmat,1970,0
outros_base_espumante,1970,0
outros_bebida,1970,0
outros_borra_liqwuida,1970,0
outros_borra_seca,1970,0
outros_brandy,1970,9388296
outros_cooler,1970,0
outros_coquetel,1970,0
outros_destilado,1970,533987
outros_filtrado_doce,1970,346403
outros_jeropiga,1970,0
outros_mistelas,1970,178350
outros_mosto_concentrado,1970,44971
outros_mosto_uva,1970,0
outros_mosto_sulfitado,1970,401030
outros_nectar,1970,0
outros_outros_produtos,1970,0
outros_polpa,1970,0
outros_preparado_liquido,1970,0
outros_refrigerante,1970,0
outros_sangria,1970,0
outros_vinagre_balsamico,1970,0
outros_vinagre_duplo,1970,0
outros_vinagre_simples,1970,1359297
outros_vinho_acetificado,1970,0
outros_vinho_base,1970,0
outros_vinho_composto,1970,3386173
outros_vinho_licoroso,1970,3013056
outros_vinho_leve,1970,0
outros_vinho_gaseificado,1970,0
vinho_de_mesa,1971,114399031
vinho_mesa_tinto,1971,98522869
vinho_mesa_rosado,1971,542274
vinho_mesa_branco,1971,15333888
vinho__fino_de_mesa,1971,4840369
vinho_mesa_tinto,1971,428927
vinho_mesa_rosado,1971,227299
vinho_mesa_branco,1971,4184143
vinho_frizante,1971,358116
vinho_organico,1971,0
vinho_especial,1971,7824931
vinho_especial_tinto,1971,4802828
vinho_especial_rosado,1971,1662821
vinho_especial_branco,1971,1359282
espumantes_,1971,2907289
espumante_moscatel,1971,0
espumante,1971,0
espumante_organico,1971,0
suco_de_uvas,1971,2745249
suco_natural,1971,0
suco_adocado,1971,0
suco_reprocessado,1971,0
suco_organico,1971,0
outros_sucos,1971,0
suco_de_uvas_concentrado,1971,0
nan,1971,20351384
outros_outros_vinhos__sem_informdetalhada,1971,0
outros_agrin,1971,0
outros_aguardente,1971,0
outros_alcool_vinico,1971,0
outros_bagaceira,1971,1111014
outros_base_champenoise,1971,0
outros_base_charmat,1971,0
outros_base_espumante,1971,0
outros_bebida,1971,0
outros_borra_liqwuida,1971,0
outros_borra_seca,1971,0
outros_brandy,1971,9893167
outros_cooler,1971,0
outros_coquetel,1971,0
outros_destilado,1971,1023876
outros_filtrado_doce,1971,432991
outros_jeropiga,1971,0
outros_mistelas,1971,81510
outros_mosto_concentrado,1971,20502
outros_mosto_uva,1971,0
outros_mosto_sulfitado,1971,410850
outros_nectar,1971,0
outros_outros_produtos,1971,0
outros_polpa,1971,0
outros_preparado_liquido,1971,0
outros_refrigerante,1971,0
outros_sangria,1971,0
outros_vinagre_balsamico,1971,0
outros_vinagre_duplo,1971,0
outros_vinagre_simples,1971,1256068
outros_vinho_acetificado,1971,0
outros_vinho_base,1971,0
outros_vinho_composto,1971,3645774
outros_vinho_licoroso,1971,2475632
outros_vinho_leve,1971,0
outros_vinho_gaseificado,1971,0
vinho_de_mesa,1972,118377367
vinho_mesa_tinto,1972,101167932
vinho_mesa_rosado,1972,7770851
vinho_mesa_branco,1972,9438584
vinho__fino_de_mesa,1972,5602091
vinho_mesa_tinto,1972,624499
vinho_mesa_rosado,1972,403664
vinho_mesa_branco,1972,4573928
vinho_frizante,1972,356340
vinho_organico,1972,0
vinho_especial,1972,8737605
vinho_especial_tinto,1972,4347706
vinho_especial_rosado,1972,1901801
vinho_especial_branco,1972,2488098
espumantes_,1972,3523335
espumante_moscatel,1972,0
espumante,1972,0
espumante_organico,1972,0
suco_de_uvas,1972,4069351
suco_natural,1972,0
suco_adocado,1972,0
suco_reprocessado,1972,0
suco_organico,1972,0
outros_sucos,1972,0
suco_de_uvas_concentrado,1972,59044
nan,1972,23615205
outros_outros_vinhos__sem_informdetalhada,1972,0
outros_agrin,1972,0
outros_aguardente,1972,0
outros_alcool_vinico,1972,0
outros_bagaceira,1972,1059696
outros_base_champenoise,1972,0
outros_base_charmat,1972,0
outros_base_espumante,1972,0
outros_bebida,1972,0
outros_borra_liqwuida,1972,0
outros_borra_seca,1972,0
outros_brandy,1972,11876098
outros_cooler,1972,0
outros_coquetel,1972,0
outros_destilado,1972,1573023
outros_filtrado_doce,1972,670626
outros_jeropiga,1972,0
outros_mistelas,1972,133865
outros_mosto_concentrado,1972,0
outros_mosto_uva,1972,0
outros_mosto_sulfitado,1972,447600
outros_nectar,1972,0
outros_outros_produtos,1972,0
outros_polpa,1972,0
outros_preparado_liquido,1972,0
outros_refrigerante,1972,0
outros_sangria,1972,0
outros_vinagre_balsamico,1972,0
outros_vinagre_duplo,1972,0
outros_vinagre_simples,1972,1524908
outros_vinho_acetificado,1972,0
outros_vinho_base,1972,0
outros_vinho_composto,1972,3921573
outros_vinho_licoroso,1972,2407816
outros_vinho_leve,1972,0
outros_vinho_gaseificado,1972,0
vinho_de_mesa,1973,116617910
vinho_mesa_tinto,1973,98196747
vinho_mesa_rosado,1973,8425617
vinho_mesa_branco,1973,9995546
vinho__fino_de_mesa,1973,7202830
vinho_mesa_tinto,1973,783508
vinho_mesa_rosado,1973,1377333
vinho_mesa_branco,1973,5041989
vinho_frizante,1973,327865
vinho_organico,1973,0
vinho_especial,1973,9693953
vinho_especial_tinto,1973,5017487
vinho_especial_rosado,1973,2062011
vinho_especial_branco,1973,2614455
espumantes_,1973,3625230
espumante_moscatel,1973,0
espumante,1973,0
espumante_organico,1973,0
suco_de_uvas,1973,5668991
suco_natural,1973,0
suco_adocado,1973,0
suco_reprocessado,1973,0
suco_organico,1973,0
outros_sucos,1973,0
suco_de_uvas_concentrado,1973,1951966
nan,1973,25401454
outros_outros_vinhos__sem_informdetalhada,1973,0
outros_agrin,1973,0
outros_aguardente,1973,0
outros_alcool_vinico,1973,0
outros_bagaceira,1973,997624
outros_base_champenoise,1973,0
outros_base_charmat,1973,0
outros_base_espumante,1973,0
outros_bebida,1973,0
outros_borra_liqwuida,1973,0
outros_borra_seca,1973,0
outros_brandy,1973,12156057
outros_cooler,1973,0
outros_coquetel,1973,0
outros_destilado,1973,1485567
outros_filtrado_doce,1973,837970
outros_jeropiga,1973,0
outros_mistelas,1973,160470
outros_mosto_concentrado,1973,0
outros_mosto_uva,1973,0
outros_mosto_sulfitado,1973,1724244
outros_nectar,1973,0
outros_outros_produtos,1973,0
outros_polpa,1973,0
outros_preparado_liquido,1973,0
outros_refrigerante,1973,0
outros_sangria,1973,0
outros_vinagre_balsamico,1973,0
outros_vinagre_duplo,1973,0
outros_vinagre_simples,1973,1426737
outros_vinho_acetificado,1973,0
outros_vinho_base,1973,0
outros_vinho_composto,1973,4168841
outros_vinho_licoroso,1973,2443944
outros_vinho_leve,1973,0
outros_vinho_gaseificado,1973,0
vinho_de_mesa,1974,94173324
vinho_mesa_tinto,1974,77167303
vinho_mesa_rosado,1974,8891367
vinho_mesa_branco,1974,8114654
vinho__fino_de_mesa,1974,7571802
vinho_mesa_tinto,1974,1616144
vinho_mesa_rosado,1974,1725564
vinho_mesa_branco,1974,4230094
vinho_frizante,1974,270641
vinho_organico,1974,0
vinho_especial,1974,7638484
vinho_especial_tinto,1974,3763509
vinho_especial_rosado,1974,1989341
vinho_especial_branco,1974,1885634
espumantes_,1974,3442734
espumante_moscatel,1974,0
espumante,1974,0
espumante_organico,1974,0
suco_de_uvas,1974,4673891
suco_natural,1974,0
suco_adocado,1974,0
suco_reprocessado,1974,0
suco_organico,1974,0
outros_sucos,1974,0
suco_de_uvas_concentrado,1974,1619428
nan,1974,24530878
outros_outros_vinhos__sem_informdetalhada,1974,0
outros_agrin,1974,0
outros_aguardente,1974,0
outros_alcool_vinico,1974,0
outros_bagaceira,1974,839441
outros_base_champenoise,1974,0
outros_base_charmat,1974,0
outros_base_espumante,1974,0
outros_bebida,1974,0
outros_borra_liqwuida,1974,0
outros_borra_seca,1974,0
outros_brandy,1974,12885577
outros_cooler,1974,0
outros_coquetel,1974,0
outros_destilado,1974,1409986
outros_filtrado_doce,1974,1039110
outros_jeropiga,1974,0
outros_mistelas,1974,45878
outros_mosto_concentrado,1974,761417
outros_mosto_uva,1974,0
outros_mosto_sulfitado,1974,239200
outros_nectar,1974,0
outros_outros_produtos,1974,0
outros_polpa,1974,0
outros_preparado_liquido,1974,0
outros_refrigerante,1974,0
outros_sangria,1974,0
outros_vinagre_balsamico,1974,0
outros_vinagre_duplo,1974,0
outros_vinagre_simples,1974,1717666
outros_vinho_acetificado,1974,0
outros_vinho_base,1974,0
outros_vinho_composto,1974,3670736
outros_vinho_licoroso,1974,1921867
outros_vinho_leve,1974,0
outros_vinho_gaseificado,1974,0
vinho_de_mesa,1975,108031792
vinho_mesa_tinto,1975,91528090
vinho_mesa_rosado,1975,7261777
vinho_mesa_branco,1975,9241925
vinho__fino_de_mesa,1975,8848303
vinho_mesa_tinto,1975,2050960
vinho_mesa_rosado,1975,2130619
vinho_mesa_branco,1975,4666724
vinho_frizante,1975,301293
vinho_organico,1975,0
vinho_especial,1975,10260445
vinho_especial_tinto,1975,4815235
vinho_especial_rosado,1975,2885972
vinho_especial_branco,1975,2559238
espumantes_,1975,3691348
espumante_moscatel,1975,0
espumante,1975,0
espumante_organico,1975,0
suco_de_uvas,1975,5802187
suco_natural,1975,0
suco_adocado,1975,0
suco_reprocessado,1975,0
suco_organico,1975,0
outros_sucos,1975,0
suco_de_uvas_concentrado,1975,768401
nan,1975,23102540
outros_outros_vinhos__sem_informdetalhada,1975,0
outros_agrin,1975,0
outros_aguardente,1975,0
outros_alcool_vinico,1975,0
outros_bagaceira,1975,706946
outros_base_champenoise,1975,0
outros_base_charmat,1975,0
outros_base_espumante,1975,0
outros_bebida,1975,0
outros_borra_liqwuida,1975,0
outros_borra_seca,1975,0
outros_brandy,1975,11418527
outros_cooler,1975,0
outros_coquetel,1975,0
outros_destilado,1975,1793135
outros_filtrado_doce,1975,1353194
outros_jeropiga,1975,0
outros_mistelas,1975,272141
outros_mosto_concentrado,1975,251197
outros_mosto_uva,1975,0
outros_mosto_sulfitado,1975,34300
outros_nectar,1975,0
outros_outros_produtos,1975,0
outros_polpa,1975,0
outros_preparado_liquido,1975,0
outros_refrigerante,1975,0
outros_sangria,1975,0
outros_vinagre_balsamico,1975,0
outros_vinagre_duplo,1975,0
outros_vinagre_simples,1975,1574960
outros_vinho_acetificado,1975,0
outros_vinho_base,1975,0
outros_vinho_composto,1975,3493104
outros_vinho_licoroso,1975,2205036
outros_vinho_leve,1975,0
outros_vinho_gaseificado,1975,0
vinho_de_mesa,1976,139238614
vinho_mesa_tinto,1976,116407222
vinho_mesa_rosado,1976,11748047
vinho_mesa_branco,1976,11083345
vinho__fino_de_mesa,1976,14095648
vinho_mesa_tinto,1976,4450570
vinho_mesa_rosado,1976,3118919
vinho_mesa_branco,1976,6526159
vinho_frizante,1976,248456
vinho_organico,1976,0
vinho_especial,1976,12392725
vinho_especial_tinto,1976,4819463
vinho_especial_rosado,1976,4231765
vinho_especial_branco,1976,3341497
espumantes_,1976,4204666
espumante_moscatel,1976,0
espumante,1976,0
espumante_organico,1976,0
suco_de_uvas,1976,6433821
suco_natural,1976,0
suco_adocado,1976,0
suco_reprocessado,1976,0
suco_organico,1976,0
outros_sucos,1976,0
suco_de_uvas_concentrado,1976,1467883
nan,1976,28321777
outros_outros_vinhos__sem_informdetalhada,1976,0
outros_agrin,1976,0
outros_aguardente,1976,0
outros_alcool_vinico,1976,0
outros_bagaceira,1976,698399
outros_base_champenoise,1976,0
outros_base_charmat,1976,0
outros_base_espumante,1976,0
outros_bebida,1976,0
outros_borra_liqwuida,1976,0
outros_borra_seca,1976,0
outros_brandy,1976,14938849
outros_cooler,1976,0
outros_coquetel,1976,0
outros_destilado,1976,1373075
outros_filtrado_doce,1976,1792832
outros_jeropiga,1976,48203
outros_mistelas,1976,88300
outros_mosto_concentrado,1976,309196
outros_mosto_uva,1976,0
outros_mosto_sulfitado,1976,420300
outros_nectar,1976,0
outros_outros_produtos,1976,0
outros_polpa,1976,0
outros_preparado_liquido,1976,0
outros_refrigerante,1976,0
outros_sangria,1976,0
outros_vinagre_balsamico,1976,0
outros_vinagre_duplo,1976,0
outros_vinagre_simples,1976,748459
outros_vinho_acetificado,1976,0
outros_vinho_base,1976,0
outros_vinho_composto,1976,5429800
outros_vinho_licoroso,1976,2474364
outros_vinho_leve,1976,0
outros_vinho_gaseificado,1976,0
vinho_de_mesa,1977,140813114
vinho_mesa_tinto,1977,116609545
vinho_mesa_rosado,1977,15195525
vinho_mesa_branco,1977,9008044
vinho__fino_de_mesa,1977,14975330
vinho_mesa_tinto,1977,4504303
vinho_mesa_rosado,1977,3248565
vinho_mesa_branco,1977,7222462
vinho_frizante,1977,143575
vinho_organico,1977,0
vinho_especial,1977,11569676
vinho_especial_tinto,1977,3959050
vinho_especial_rosado,1977,4034615
vinho_especial_branco,1977,3576011
espumantes_,1977,4150746
espumante_moscatel,1977,0
espumante,1977,0
espumante_organico,1977,0
suco_de_uvas,1977,6814893
suco_natural,1977,0
suco_adocado,1977,0
suco_reprocessado,1977,0
suco_organico,1977,0
outros_sucos,1977,0
suco_de_uvas_concentrado,1977,2444089
nan,1977,27333925
outros_outros_vinhos__sem_informdetalhada,1977,0
outros_agrin,1977,0
outros_aguardente,1977,0
outros_alcool_vinico,1977,0
outros_bagaceira,1977,595137
outros_base_champenoise,1977,0
outros_base_charmat,1977,0
outros_base_espumante,1977,0
outros_bebida,1977,0
outros_borra_liqwuida,1977,0
outros_borra_seca,1977,0
outros_brandy,1977,12858163
outros_cooler,1977,0
outros_coquetel,1977,0
outros_destilado,1977,780548
outros_filtrado_doce,1977,2292414
outros_jeropiga,1977,34624
outros_mistelas,1977,195060
outros_mosto_concentrado,1977,84058
outros_mosto_uva,1977,0
outros_mosto_sulfitado,1977,746326
outros_nectar,1977,0
outros_outros_produtos,1977,0
outros_polpa,1977,0
outros_preparado_liquido,1977,0
outros_refrigerante,1977,0
outros_sangria,1977,0
outros_vinagre_balsamico,1977,0
outros_vinagre_duplo,1977,0
outros_vinagre_simples,1977,1549579
outros_vinho_acetificado,1977,0
outros_vinho_base,1977,0
outros_vinho_composto,1977,5170582
outros_vinho_licoroso,1977,3027434
outros_vinho_leve,1977,0
outros_vinho_gaseificado,1977,0
vinho_de_mesa,1978,141293379
vinho_mesa_tinto,1978,117203914
vinho_mesa_rosado,1978,14612454
vinho_mesa_branco,1978,9477011
vinho__fino_de_mesa,1978,17596956
vinho_mesa_tinto,1978,4920802
vinho_mesa_rosado,1978,3501895
vinho_mesa_branco,1978,9174259
vinho_frizante,1978,13915
vinho_organico,1978,0
vinho_especial,1978,10247572
vinho_especial_tinto,1978,4083073
vinho_especial_rosado,1978,4177476
vinho_especial_branco,1978,1987023
espumantes_,1978,3684240
espumante_moscatel,1978,0
espumante,1978,0
espumante_organico,1978,0
suco_de_uvas,1978,6963440
suco_natural,1978,0
suco_adocado,1978,0
suco_reprocessado,1978,0
suco_organico,1978,0
outros_sucos,1978,0
suco_de_uvas_concentrado,1978,2454178
nan,1978,29509570
outros_outros_vinhos__sem_informdetalhada,1978,0
outros_agrin,1978,0
outros_aguardente,1978,0
outros_alcool_vinico,1978,0
outros_bagaceira,1978,432596
outros_base_champenoise,1978,0
outros_base_charmat,1978,0
outros_base_espumante,1978,0
outros_bebida,1978,0
outros_borra_liqwuida,1978,0
outros_borra_seca,1978,0
outros_brandy,1978,12014556
outros_cooler,1978,0
outros_coquetel,1978,0
outros_destilado,1978,866773
outros_filtrado_doce,1978,2396689
outros_jeropiga,1978,56372
outros_mistelas,1978,2217900
outros_mosto_concentrado,1978,0
outros_mosto_uva,1978,0
outros_mosto_sulfitado,1978,327450
outros_nectar,1978,0
outros_outros_produtos,1978,0
outros_polpa,1978,0
outros_preparado_liquido,1978,0
outros_refrigerante,1978,0
outros_sangria,1978,0
outros_vinagre_balsamico,1978,0
outros_vinagre_duplo,1978,0
outros_vinagre_simples,1978,2452955
outros_vinho_acetificado,1978,0
outros_vinho_base,1978,0
outros_vinho_composto,1978,5649977
outros_vinho_licoroso,1978,3094302
outros_vinho_leve,1978,0
outros_vinho_gaseificado,1978,0
vinho_de_mesa,1979,149609112
vinho_mesa_tinto,1979,119496652
vinho_mesa_rosado,1979,18643308
vinho_mesa_branco,1979,11469152
vinho__fino_de_mesa,1979,21695829
vinho_mesa_tinto,1979,6360276
vinho_mesa_rosado,1979,4119615
vinho_mesa_branco,1979,11215938
vinho_frizante,1979,14578
vinho_organico,1979,0
vinho_especial,1979,13790557
vinho_especial_tinto,1979,7004780
vinho_especial_rosado,1979,5067851
vinho_especial_branco,1979,1717926
espumantes_,1979,3246929
espumante_moscatel,1979,0
espumante,1979,0
espumante_organico,1979,0
suco_de_uvas,1979,6096784
suco_natural,1979,0
suco_adocado,1979,0
suco_reprocessado,1979,0
suco_organico,1979,0
outros_sucos,1979,0
suco_de_uvas_concentrado,1979,2751886
nan,1979,29719709
outros_outros_vinhos__sem_informdetalhada,1979,0
outros_agrin,1979,0
outros_aguardente,1979,0
outros_alcool_vinico,1979,0
outros_bagaceira,1979,812433
outros_base_champenoise,1979,0
outros_base_charmat,1979,0
outros_base_espumante,1979,0
outros_bebida,1979,0
outros_borra_liqwuida,1979,0
outros_borra_seca,1979,0
outros_brandy,1979,9991254
outros_cooler,1979,0
outros_coquetel,1979,0
outros_destilado,1979,3062750
outros_filtrado_doce,1979,3374608
outros_jeropiga,1979,47738
outros_mistelas,1979,6293317
outros_mosto_concentrado,1979,0
outros_mosto_uva,1979,0
outros_mosto_sulfitado,1979,485800
outros_nectar,1979,0
outros_outros_produtos,1979,0
outros_polpa,1979,0
outros_preparado_liquido,1979,0
outros_refrigerante,1979,0
outros_sangria,1979,0
outros_vinagre_balsamico,1979,0
outros_vinagre_duplo,1979,0
outros_vinagre_simples,1979,2144256
outros_vinho_acetificado,1979,0
outros_vinho_base,1979,0
outros_vinho_composto,1979,976174
outros_vinho_licoroso,1979,2531379
outros_vinho_leve,1979,0
outros_vinho_gaseificado,1979,0
vinho_de_mesa,1980,122825298
vinho_mesa_tinto,1980,99646124
vinho_mesa_rosado,1980,14746625
vinho_mesa_branco,1980,8432549
vinho__fino_de_mesa,1980,22976342
vinho_mesa_tinto,1980,7244385
vinho_mesa_rosado,1980,5096819
vinho_mesa_branco,1980,10635138
vinho_frizante,1980,9303
vinho_organico,1980,0
vinho_especial,1980,11056774
vinho_especial_tinto,1980,4608059
vinho_especial_rosado,1980,4312513
vinho_especial_branco,1980,2136202
espumantes_,1980,3257451
espumante_moscatel,1980,0
espumante,1980,0
espumante_organico,1980,0
suco_de_uvas,1980,5837620
suco_natural,1980,0
suco_adocado,1980,0
suco_reprocessado,1980,0
suco_organico,1980,0
outros_sucos,1980,0
suco_de_uvas_concentrado,1980,4142363
nan,1980,18053687
outros_outros_vinhos__sem_informdetalhada,1980,0
outros_agrin,1980,0
outros_aguardente,1980,0
outros_alcool_vinico,1980,0
outros_bagaceira,1980,494061
outros_base_champenoise,1980,0
outros_base_charmat,1980,0
outros_base_espumante,1980,0
outros_bebida,1980,0
outros_borra_liqwuida,1980,0
outros_borra_seca,1980,0
outros_brandy,1980,2593406
outros_cooler,1980,0
outros_coquetel,1980,0
outros_destilado,1980,1778900
outros_filtrado_doce,1980,4414074
outros_jeropiga,1980,25352
outros_mistelas,1980,3806641
outros_mosto_concentrado,1980,0
outros_mosto_uva,1980,0
outros_mosto_sulfitado,1980,113550
outros_nectar,1980,0
outros_outros_produtos,1980,0
outros_polpa,1980,0
outros_preparado_liquido,1980,0
outros_refrigerante,1980,0
outros_sangria,1980,0
outros_vinagre_balsamico,1980,0
outros_vinagre_duplo,1980,0
outros_vinagre_simples,1980,2052253
outros_vinho_acetificado,1980,0
outros_vinho_base,1980,0
outros_vinho_composto,1980,697908
outros_vinho_licoroso,1980,2077542
outros_vinho_leve,1980,0
outros_vinho_gaseificado,1980,0
vinho_de_mesa,1981,128894580
vinho_mesa_tinto,1981,99151812
vinho_mesa_rosado,1981,16360547
vinho_mesa_branco,1981,13382221
vinho__fino_de_mesa,1981,21607857
vinho_mesa_tinto,1981,7403644
vinho_mesa_rosado,1981,2738962
vinho_mesa_branco,1981,11465251
vinho_frizante,1981,13354
vinho_organico,1981,0
vinho_especial,1981,6907060
vinho_especial_tinto,1981,1906240
vinho_especial_rosado,1981,3388872
vinho_especial_branco,1981,1611948
espumantes_,1981,2301421
espumante_moscatel,1981,0
espumante,1981,0
espumante_organico,1981,0
suco_de_uvas,1981,3994038
suco_natural,1981,0
suco_adocado,1981,0
suco_reprocessado,1981,0
suco_organico,1981,0
outros_sucos,1981,0
suco_de_uvas_concentrado,1981,3064156
nan,1981,19698180
outros_outros_vinhos__sem_informdetalhada,1981,0
outros_agrin,1981,0
outros_aguardente,1981,0
outros_alcool_vinico,1981,0
outros_bagaceira,1981,1770895
outros_base_champenoise,1981,0
outros_base_charmat,1981,0
outros_base_espumante,1981,0
outros_bebida,1981,0
outros_borra_liqwuida,1981,0
outros_borra_seca,1981,0
outros_brandy,1981,1637947
outros_cooler,1981,0
outros_coquetel,1981,0
outros_destilado,1981,2728959
outros_filtrado_doce,1981,3861367
outros_jeropiga,1981,4236
outros_mistelas,1981,4518098
outros_mosto_concentrado,1981,0
outros_mosto_uva,1981,0
outros_mosto_sulfitado,1981,360180
outros_nectar,1981,0
outros_outros_produtos,1981,0
outros_polpa,1981,0
outros_preparado_liquido,1981,0
outros_refrigerante,1981,0
outros_sangria,1981,0
outros_vinagre_balsamico,1981,0
outros_vinagre_duplo,1981,0
outros_vinagre_simples,1981,2296456
outros_vinho_acetificado,1981,0
outros_vinho_base,1981,0
outros_vinho_composto,1981,579372
outros_vinho_licoroso,1981,1940670
outros_vinho_leve,1981,0
outros_vinho_gaseificado,1981,0
vinho_de_mesa,1982,166861772
vinho_mesa_tinto,1982,131957890
vinho_mesa_rosado,1982,15786964
vinho_mesa_branco,1982,19116918
vinho__fino_de_mesa,1982,26302928
vinho_mesa_tinto,1982,7699010
vinho_mesa_rosado,1982,3608877
vinho_mesa_branco,1982,14995041
vinho_frizante,1982,176692
vinho_organico,1982,0
vinho_especial,1982,5011009
vinho_especial_tinto,1982,939619
vinho_especial_rosado,1982,2418770
vinho_especial_branco,1982,1652620
espumantes_,1982,2432386
espumante_moscatel,1982,0
espumante,1982,0
espumante_organico,1982,0
suco_de_uvas,1982,4081256
suco_natural,1982,0
suco_adocado,1982,0
suco_reprocessado,1982,0
suco_organico,1982,0
outros_sucos,1982,0
suco_de_uvas_concentrado,1982,3148110
nan,1982,17770629
outros_outros_vinhos__sem_informdetalhada,1982,0
outros_agrin,1982,0
outros_aguardente,1982,0
outros_alcool_vinico,1982,0
outros_bagaceira,1982,496554
outros_base_champenoise,1982,0
outros_base_charmat,1982,0
outros_base_espumante,1982,0
outros_bebida,1982,0
outros_borra_liqwuida,1982,0
outros_borra_seca,1982,0
outros_brandy,1982,1348154
outros_cooler,1982,0
outros_coquetel,1982,0
outros_destilado,1982,3466121
outros_filtrado_doce,1982,4261912
outros_jeropiga,1982,30410
outros_mistelas,1982,2068930
outros_mosto_concentrado,1982,0
outros_mosto_uva,1982,0
outros_mosto_sulfitado,1982,607630
outros_nectar,1982,0
outros_outros_produtos,1982,0
outros_polpa,1982,0
outros_preparado_liquido,1982,0
outros_refrigerante,1982,0
outros_sangria,1982,0
outros_vinagre_balsamico,1982,0
outros_vinagre_duplo,1982,0
outros_vinagre_simples,1982,2434183
outros_vinho_acetificado,1982,0
outros_vinho_base,1982,0
outros_vinho_composto,1982,708876
outros_vinho_licoroso,1982,2347859
outros_vinho_leve,1982,0
outros_vinho_gaseificado,1982,0
vinho_de_mesa,1983,195616620
vinho_mesa_tinto,1983,151852639
vinho_mesa_rosado,1983,23841328
vinho_mesa_branco,1983,19922653
vinho__fino_de_mesa,1983,32690119
vinho_mesa_tinto,1983,9811525
vinho_mesa_rosado,1983,3548807
vinho_mesa_branco,1983,19329787
vinho_frizante,1983,147892
vinho_organico,1983,0
vinho_especial,1983,5393631
vinho_especial_tinto,1983,1034452
vinho_especial_rosado,1983,2735222
vinho_especial_branco,1983,1623957
espumantes_,1983,2601590
espumante_moscatel,1983,0
espumante,1983,0
espumante_organico,1983,0
suco_de_uvas,1983,4625317
suco_natural,1983,0
suco_adocado,1983,0
suco_reprocessado,1983,0
suco_organico,1983,0
outros_sucos,1983,0
suco_de_uvas_concentrado,1983,3447837
nan,1983,13706809
outros_outros_vinhos__sem_informdetalhada,1983,0
outros_agrin,1983,0
outros_aguardente,1983,0
outros_alcool_vinico,1983,0
outros_bagaceira,1983,339085
outros_base_champenoise,1983,0
outros_base_charmat,1983,0
outros_base_espumante,1983,0
outros_bebida,1983,0
outros_borra_liqwuida,1983,0
outros_borra_seca,1983,0
outros_brandy,1983,1212182
outros_cooler,1983,0
outros_coquetel,1983,0
outros_destilado,1983,2029714
outros_filtrado_doce,1983,4062927
outros_jeropiga,1983,25618
outros_mistelas,1983,872156
outros_mosto_concentrado,1983,0
outros_mosto_uva,1983,0
outros_mosto_sulfitado,1983,215868
outros_nectar,1983,0
outros_outros_produtos,1983,0
outros_polpa,1983,0
outros_preparado_liquido,1983,0
outros_refrigerante,1983,0
outros_sangria,1983,0
outros_vinagre_balsamico,1983,0
outros_vinagre_duplo,1983,0
outros_vinagre_simples,1983,2490691
outros_vinho_acetificado,1983,0
outros_vinho_base,1983,0
outros_vinho_composto,1983,657957
outros_vinho_licoroso,1983,1800611
outros_vinho_leve,1983,0
outros_vinho_gaseificado,1983,0
vinho_de_mesa,1984,171619507
vinho_mesa_tinto,1984,129249097
vinho_mesa_rosado,1984,21724540
vinho_mesa_branco,1984,20645870
vinho__fino_de_mesa,1984,42164393
vinho_mesa_tinto,1984,14797285
vinho_mesa_rosado,1984,3714334
vinho_mesa_branco,1984,23652774
vinho_frizante,1984,0
vinho_organico,1984,0
vinho_especial,1984,5535657
vinho_especial_tinto,1984,1043073
vinho_especial_rosado,1984,2308400
vinho_especial_branco,1984,2184184
espumantes_,1984,2778815
espumante_moscatel,1984,0
espumante,1984,0
espumante_organico,1984,0
suco_de_uvas,1984,6167053
suco_natural,1984,0
suco_adocado,1984,0
suco_reprocessado,1984,0
suco_organico,1984,0
outros_sucos,1984,0
suco_de_uvas_concentrado,1984,3923167
nan,1984,15284617
outros_outros_vinhos__sem_informdetalhada,1984,0
outros_agrin,1984,0
outros_aguardente,1984,0
outros_alcool_vinico,1984,0
outros_bagaceira,1984,434913
outros_base_champenoise,1984,0
outros_base_charmat,1984,0
outros_base_espumante,1984,0
outros_bebida,1984,0
outros_borra_liqwuida,1984,0
outros_borra_seca,1984,0
outros_brandy,1984,1074816
outros_cooler,1984,0
outros_coquetel,1984,0
outros_destilado,1984,1678482
outros_filtrado_doce,1984,4994248
outros_jeropiga,1984,36717
outros_mistelas,1984,1095044
outros_mosto_concentrado,1984,0
outros_mosto_uva,1984,0
outros_mosto_sulfitado,1984,914641
outros_nectar,1984,0
outros_outros_produtos,1984,0
outros_polpa,1984,0
outros_preparado_liquido,1984,0
outros_refrigerante,1984,0
outros_sangria,1984,0
outros_vinagre_balsamico,1984,0
outros_vinagre_duplo,1984,0
outros_vinagre_simples,1984,2690012
outros_vinho_acetificado,1984,0
outros_vinho_base,1984,0
outros_vinho_composto,1984,656837
outros_vinho_licoroso,1984,1708907
outros_vinho_leve,1984,0
outros_vinho_gaseificado,1984,0
vinho_de_mesa,1985,185191837
vinho_mesa_tinto,1985,138710394
vinho_mesa_rosado,1985,23988088
vinho_mesa_branco,1985,22493355
vinho__fino_de_mesa,1985,44599207
vinho_mesa_tinto,1985,13133683
vinho_mesa_rosado,1985,3510330
vinho_mesa_branco,1985,27955194
vinho_frizante,1985,0
vinho_organico,1985,0
vinho_especial,1985,4766741
vinho_especial_tinto,1985,863932
vinho_especial_rosado,1985,2145100
vinho_especial_branco,1985,1757709
espumantes_,1985,3238436
espumante_moscatel,1985,0
espumante,1985,0
espumante_organico,1985,0
suco_de_uvas,1985,4711949
suco_natural,1985,0
suco_adocado,1985,0
suco_reprocessado,1985,0
suco_organico,1985,0
outros_sucos,1985,0
suco_de_uvas_concentrado,1985,5736808
nan,1985,15655775
outros_outros_vinhos__sem_informdetalhada,1985,0
outros_agrin,1985,0
outros_aguardente,1985,0
outros_alcool_vinico,1985,0
outros_bagaceira,1985,289415
outros_base_champenoise,1985,0
outros_base_charmat,1985,0
outros_base_espumante,1985,0
outros_bebida,1985,0
outros_borra_liqwuida,1985,0
outros_borra_seca,1985,0
outros_brandy,1985,1551097
outros_cooler,1985,0
outros_coquetel,1985,0
outros_destilado,1985,1460361
outros_filtrado_doce,1985,6005137
outros_jeropiga,1985,130094
outros_mistelas,1985,83792
outros_mosto_concentrado,1985,0
outros_mosto_uva,1985,0
outros_mosto_sulfitado,1985,57717
outros_nectar,1985,0
outros_outros_produtos,1985,0
outros_polpa,1985,0
outros_preparado_liquido,1985,0
outros_refrigerante,1985,0
outros_sangria,1985,0
outros_vinagre_balsamico,1985,0
outros_vinagre_duplo,1985,0
outros_vinagre_simples,1985,3397749
outros_vinho_acetificado,1985,0
outros_vinho_base,1985,0
outros_vinho_composto,1985,1081646
outros_vinho_licoroso,1985,1598767
outros_vinho_leve,1985,0
outros_vinho_gaseificado,1985,0
vinho_de_mesa,1986,203130018
vinho_mesa_tinto,1986,153357217
vinho_mesa_rosado,1986,28544630
vinho_mesa_branco,1986,21228171
vinho__fino_de_mesa,1986,50881779
vinho_mesa_tinto,1986,15664511
vinho_mesa_rosado,1986,3685709
vinho_mesa_branco,1986,31531559
vinho_frizante,1986,0
vinho_organico,1986,0
vinho_especial,1986,4636751
vinho_especial_tinto,1986,749197
vinho_especial_rosado,1986,2057888
vinho_especial_branco,1986,1829666
espumantes_,1986,4058335
espumante_moscatel,1986,0
espumante,1986,0
espumante_organico,1986,0
suco_de_uvas,1986,5767993
suco_natural,1986,0
suco_adocado,1986,0
suco_reprocessado,1986,0
suco_organico,1986,0
outros_sucos,1986,0
suco_de_uvas_concentrado,1986,7553410
nan,1986,19777809
outros_outros_vinhos__sem_informdetalhada,1986,0
outros_agrin,1986,0
outros_aguardente,1986,0
outros_alcool_vinico,1986,0
outros_bagaceira,1986,353074
outros_base_champenoise,1986,0
outros_base_charmat,1986,0
outros_base_espumante,1986,0
outros_bebida,1986,0
outros_borra_liqwuida,1986,0
outros_borra_seca,1986,0
outros_brandy,1986,2308675
outros_cooler,1986,0
outros_coquetel,1986,0
outros_destilado,1986,5142969
outros_filtrado_doce,1986,5065559
outros_jeropiga,1986,86296
outros_mistelas,1986,320098
outros_mosto_concentrado,1986,0
outros_mosto_uva,1986,0
outros_mosto_sulfitado,1986,218400
outros_nectar,1986,0
outros_outros_produtos,1986,0
outros_polpa,1986,0
outros_preparado_liquido,1986,0
outros_refrigerante,1986,0
outros_sangria,1986,0
outros_vinagre_balsamico,1986,0
outros_vinagre_duplo,1986,0
outros_vinagre_simples,1986,2503550
outros_vinho_acetificado,1986,0
outros_vinho_base,1986,0
outros_vinho_composto,1986,2008030
outros_vinho_licoroso,1986,1771158
outros_vinho_leve,1986,0
outros_vinho_gaseificado,1986,0
vinho_de_mesa,1987,131065191
vinho_mesa_tinto,1987,96590206
vinho_mesa_rosado,1987,21376304
vinho_mesa_branco,1987,13098681
vinho__fino_de_mesa,1987,34335860
vinho_mesa_tinto,1987,10144561
vinho_mesa_rosado,1987,2328264
vinho_mesa_branco,1987,21863035
vinho_frizante,1987,0
vinho_organico,1987,0
vinho_especial,1987,2969853
vinho_especial_tinto,1987,372184
vinho_especial_rosado,1987,1122648
vinho_especial_branco,1987,1475021
espumantes_,1987,3006097
espumante_moscatel,1987,0
espumante,1987,0
espumante_organico,1987,0
suco_de_uvas,1987,4932369
suco_natural,1987,0
suco_adocado,1987,0
suco_reprocessado,1987,0
suco_organico,1987,0
outros_sucos,1987,0
suco_de_uvas_concentrado,1987,5969562
nan,1987,25522173
outros_outros_vinhos__sem_informdetalhada,1987,0
outros_agrin,1987,0
outros_aguardente,1987,0
outros_alcool_vinico,1987,0
outros_bagaceira,1987,236724
outros_base_champenoise,1987,0
outros_base_charmat,1987,0
outros_base_espumante,1987,0
outros_bebida,1987,0
outros_borra_liqwuida,1987,0
outros_borra_seca,1987,0
outros_brandy,1987,1553986
outros_cooler,1987,9062619
outros_coquetel,1987,0
outros_destilado,1987,2601744
outros_filtrado_doce,1987,6529116
outros_jeropiga,1987,19124
outros_mistelas,1987,188048
outros_mosto_concentrado,1987,0
outros_mosto_uva,1987,0
outros_mosto_sulfitado,1987,0
outros_nectar,1987,0
outros_outros_produtos,1987,0
outros_polpa,1987,0
outros_preparado_liquido,1987,0
outros_refrigerante,1987,0
outros_sangria,1987,0
outros_vinagre_balsamico,1987,0
outros_vinagre_duplo,1987,0
outros_vinagre_simples,1987,2156496
outros_vinho_acetificado,1987,0
outros_vinho_base,1987,0
outros_vinho_composto,1987,1803640
outros_vinho_licoroso,1987,1370676
outros_vinho_leve,1987,0
outros_vinho_gaseificado,1987,0
vinho_de_mesa,1988,150678647
vinho_mesa_tinto,1988,114100716
vinho_mesa_rosado,1988,17329181
vinho_mesa_branco,1988,19248750
vinho__fino_de_mesa,1988,40014386
vinho_mesa_tinto,1988,11713661
vinho_mesa_rosado,1988,1939881
vinho_mesa_branco,1988,26360844
vinho_frizante,1988,248840
vinho_organico,1988,0
vinho_especial,1988,2328150
vinho_especial_tinto,1988,525229
vinho_especial_rosado,1988,887025
vinho_especial_branco,1988,915896
espumantes_,1988,2845663
espumante_moscatel,1988,0
espumante,1988,0
espumante_organico,1988,0
suco_de_uvas,1988,4191947
suco_natural,1988,0
suco_adocado,1988,0
suco_reprocessado,1988,0
suco_organico,1988,0
outros_sucos,1988,0
suco_de_uvas_concentrado,1988,5656096
nan,1988,24276716
outros_outros_vinhos__sem_informdetalhada,1988,0
outros_agrin,1988,0
outros_aguardente,1988,0
outros_alcool_vinico,1988,0
outros_bagaceira,1988,285409
outros_base_champenoise,1988,0
outros_base_charmat,1988,0
outros_base_espumante,1988,0
outros_bebida,1988,0
outros_borra_liqwuida,1988,0
outros_borra_seca,1988,0
outros_brandy,1988,1786613
outros_cooler,1988,8806545
outros_coquetel,1988,0
outros_destilado,1988,2220670
outros_filtrado_doce,1988,5574201
outros_jeropiga,1988,59251
outros_mistelas,1988,221836
outros_mosto_concentrado,1988,0
outros_mosto_uva,1988,0
outros_mosto_sulfitado,1988,0
outros_nectar,1988,0
outros_outros_produtos,1988,0
outros_polpa,1988,0
outros_preparado_liquido,1988,0
outros_refrigerante,1988,0
outros_sangria,1988,0
outros_vinagre_balsamico,1988,0
outros_vinagre_duplo,1988,0
outros_vinagre_simples,1988,2696620
outros_vinho_acetificado,1988,0
outros_vinho_base,1988,0
outros_vinho_composto,1988,1381934
outros_vinho_licoroso,1988,1243637
outros_vinho_leve,1988,0
outros_vinho_gaseificado,1988,0
vinho_de_mesa,1989,172921267
vinho_mesa_tinto,1989,136642954
vinho_mesa_rosado,1989,14564451
vinho_mesa_branco,1989,21713862
vinho__fino_de_mesa,1989,50390262
vinho_mesa_tinto,1989,14737896
vinho_mesa_rosado,1989,2596587
vinho_mesa_branco,1989,33055779
vinho_frizante,1989,275708
vinho_organico,1989,0
vinho_especial,1989,1788772
vinho_especial_tinto,1989,288905
vinho_especial_rosado,1989,876167
vinho_especial_branco,1989,623700
espumantes_,1989,3766581
espumante_moscatel,1989,0
espumante,1989,0
espumante_organico,1989,0
suco_de_uvas,1989,4642831
suco_natural,1989,0
suco_adocado,1989,0
suco_reprocessado,1989,0
suco_organico,1989,0
outros_sucos,1989,0
suco_de_uvas_concentrado,1989,6716197
nan,1989,19148275
outros_outros_vinhos__sem_informdetalhada,1989,0
outros_agrin,1989,0
outros_aguardente,1989,0
outros_alcool_vinico,1989,0
outros_bagaceira,1989,202478
outros_base_champenoise,1989,0
outros_base_charmat,1989,0
outros_base_espumante,1989,0
outros_bebida,1989,0
outros_borra_liqwuida,1989,0
outros_borra_seca,1989,0
outros_brandy,1989,2232781
outros_cooler,1989,4474031
outros_coquetel,1989,0
outros_destilado,1989,1382427
outros_filtrado_doce,1989,6698678
outros_jeropiga,1989,49075
outros_mistelas,1989,8265
outros_mosto_concentrado,1989,0
outros_mosto_uva,1989,0
outros_mosto_sulfitado,1989,0
outros_nectar,1989,0
outros_outros_produtos,1989,0
outros_polpa,1989,0
outros_preparado_liquido,1989,0
outros_refrigerante,1989,0
outros_sangria,1989,0
outros_vinagre_balsamico,1989,0
outros_vinagre_duplo,1989,0
outros_vinagre_simples,1989,1067310
outros_vinho_acetificado,1989,0
outros_vinho_base,1989,0
outros_vinho_composto,1989,1754501
outros_vinho_licoroso,1989,1278729
outros_vinho_leve,1989,0
outros_vinho_gaseificado,1989,0
vinho_de_mesa,1990,164725646
vinho_mesa_tinto,1990,120889721
vinho_mesa_rosado,1990,16482188
vinho_mesa_branco,1990,27353737
vinho__fino_de_mesa,1990,39885259
vinho_mesa_tinto,1990,11141857
vinho_mesa_rosado,1990,1583368
vinho_mesa_branco,1990,27160034
vinho_frizante,1990,310524
vinho_organico,1990,0
vinho_especial,1990,1371223
vinho_especial_tinto,1990,266887
vinho_especial_rosado,1990,595973
vinho_especial_branco,1990,508363
espumantes_,1990,2720096
espumante_moscatel,1990,0
espumante,1990,0
espumante_organico,1990,0
suco_de_uvas,1990,5431892
suco_natural,1990,0
suco_adocado,1990,0
suco_reprocessado,1990,0
suco_organico,1990,0
outros_sucos,1990,0
suco_de_uvas_concentrado,1990,8211959
nan,1990,17145444
outros_outros_vinhos__sem_informdetalhada,1990,0
outros_agrin,1990,0
outros_aguardente,1990,0
outros_alcool_vinico,1990,0
outros_bagaceira,1990,174148
outros_base_champenoise,1990,0
outros_base_charmat,1990,0
outros_base_espumante,1990,0
outros_bebida,1990,0
outros_borra_liqwuida,1990,0
outros_borra_seca,1990,0
outros_brandy,1990,1464094
outros_cooler,1990,2649267
outros_coquetel,1990,0
outros_destilado,1990,577779
outros_filtrado_doce,1990,7009725
outros_jeropiga,1990,47536
outros_mistelas,1990,175827
outros_mosto_concentrado,1990,0
outros_mosto_uva,1990,0
outros_mosto_sulfitado,1990,0
outros_nectar,1990,0
outros_outros_produtos,1990,0
outros_polpa,1990,0
outros_preparado_liquido,1990,0
outros_refrigerante,1990,0
outros_sangria,1990,0
outros_vinagre_balsamico,1990,0
outros_vinagre_duplo,1990,0
outros_vinagre_simples,1990,362275
outros_vinho_acetificado,1990,0
outros_vinho_base,1990,0
outros_vinho_composto,1990,3746797
outros_vinho_licoroso,1990,937996
outros_vinho_leve,1990,0
outros_vinho_gaseificado,1990,0
vinho_de_mesa,1991,190134895
vinho_mesa_tinto,1991,141726264
vinho_mesa_rosado,1991,16322381
vinho_mesa_branco,1991,32086250
vinho__fino_de_mesa,1991,37526111
vinho_mesa_tinto,1991,9015204
vinho_mesa_rosado,1991,1342140
vinho_mesa_branco,1991,27168767
vinho_frizante,1991,268563
vinho_organico,1991,0
vinho_especial,1991,1354861
vinho_especial_tinto,1991,326807
vinho_especial_rosado,1991,487553
vinho_especial_branco,1991,540501
espumantes_,1991,2442072
espumante_moscatel,1991,0
espumante,1991,0
espumante_organico,1991,0
suco_de_uvas,1991,7630442
suco_natural,1991,0
suco_adocado,1991,0
suco_reprocessado,1991,0
suco_organico,1991,0
outros_sucos,1991,0
suco_de_uvas_concentrado,1991,7311205
nan,1991,18701133
outros_outros_vinhos__sem_informdetalhada,1991,0
outros_agrin,1991,0
outros_aguardente,1991,0
outros_alcool_vinico,1991,0
outros_bagaceira,1991,149352
outros_base_champenoise,1991,0
outros_base_charmat,1991,0
outros_base_espumante,1991,0
outros_bebida,1991,0
outros_borra_liqwuida,1991,0
outros_borra_seca,1991,0
outros_brandy,1991,1627961
outros_cooler,1991,3190379
outros_coquetel,1991,0
outros_destilado,1991,181500
outros_filtrado_doce,1991,8163189
outros_jeropiga,1991,35880
outros_mistelas,1991,0
outros_mosto_concentrado,1991,0
outros_mosto_uva,1991,0
outros_mosto_sulfitado,1991,0
outros_nectar,1991,0
outros_outros_produtos,1991,0
outros_polpa,1991,0
outros_preparado_liquido,1991,0
outros_refrigerante,1991,0
outros_sangria,1991,0
outros_vinagre_balsamico,1991,0
outros_vinagre_duplo,1991,0
outros_vinagre_simples,1991,544002
outros_vinho_acetificado,1991,0
outros_vinho_base,1991,0
outros_vinho_composto,1991,3842243
outros_vinho_licoroso,1991,966627
outros_vinho_leve,1991,0
outros_vinho_gaseificado,1991,0
vinho_de_mesa,1992,180230431
vinho_mesa_tinto,1992,138190489
vinho_mesa_rosado,1992,12822511
vinho_mesa_branco,1992,29217431
vinho__fino_de_mesa,1992,39537060
vinho_mesa_tinto,1992,10712402
vinho_mesa_rosado,1992,1130509
vinho_mesa_branco,1992,27694149
vinho_frizante,1992,161507
vinho_organico,1992,0
vinho_especial,1992,882564
vinho_especial_tinto,1992,217945
vinho_especial_rosado,1992,304897
vinho_especial_branco,1992,359722
espumantes_,1992,1846809
espumante_moscatel,1992,0
espumante,1992,0
espumante_organico,1992,0
suco_de_uvas,1992,5699977
suco_natural,1992,0
suco_adocado,1992,0
suco_reprocessado,1992,0
suco_organico,1992,0
outros_sucos,1992,0
suco_de_uvas_concentrado,1992,10607336
nan,1992,13669760
outros_outros_vinhos__sem_informdetalhada,1992,0
outros_agrin,1992,0
outros_aguardente,1992,0
outros_alcool_vinico,1992,0
outros_bagaceira,1992,38015
outros_base_champenoise,1992,0
outros_base_charmat,1992,0
outros_base_espumante,1992,0
outros_bebida,1992,0
outros_borra_liqwuida,1992,0
outros_borra_seca,1992,0
outros_brandy,1992,1488284
outros_cooler,1992,1975289
outros_coquetel,1992,0
outros_destilado,1992,109142
outros_filtrado_doce,1992,7140569
outros_jeropiga,1992,25440
outros_mistelas,1992,91000
outros_mosto_concentrado,1992,0
outros_mosto_uva,1992,0
outros_mosto_sulfitado,1992,0
outros_nectar,1992,0
outros_outros_produtos,1992,0
outros_polpa,1992,0
outros_preparado_liquido,1992,0
outros_refrigerante,1992,0
outros_sangria,1992,0
outros_vinagre_balsamico,1992,0
outros_vinagre_duplo,1992,0
outros_vinagre_simples,1992,1614757
outros_vinho_acetificado,1992,0
outros_vinho_base,1992,0
outros_vinho_composto,1992,375229
outros_vinho_licoroso,1992,812035
outros_vinho_leve,1992,0
outros_vinho_gaseificado,1992,0
vinho_de_mesa,1993,201168480
vinho_mesa_tinto,1993,157031022
vinho_mesa_rosado,1993,13767249
vinho_mesa_branco,1993,30370209
vinho__fino_de_mesa,1993,49916112
vinho_mesa_tinto,1993,11988665
vinho_mesa_rosado,1993,1639949
vinho_mesa_branco,1993,36287498
vinho_frizante,1993,359420
vinho_organico,1993,0
vinho_especial,1993,1849251
vinho_especial_tinto,1993,542146
vinho_especial_rosado,1993,243582
vinho_especial_branco,1993,1063523
espumantes_,1993,2183871
espumante_moscatel,1993,0
espumante,1993,0
espumante_organico,1993,0
suco_de_uvas,1993,7605488
suco_natural,1993,0
suco_adocado,1993,0
suco_reprocessado,1993,0
suco_organico,1993,0
outros_sucos,1993,0
suco_de_uvas_concentrado,1993,12178160
nan,1993,17047905
outros_outros_vinhos__sem_informdetalhada,1993,0
outros_agrin,1993,0
outros_aguardente,1993,0
outros_alcool_vinico,1993,0
outros_bagaceira,1993,53928
outros_base_champenoise,1993,0
outros_base_charmat,1993,0
outros_base_espumante,1993,0
outros_bebida,1993,0
outros_borra_liqwuida,1993,0
outros_borra_seca,1993,0
outros_brandy,1993,1278706
outros_cooler,1993,2756302
outros_coquetel,1993,0
outros_destilado,1993,71000
outros_filtrado_doce,1993,8373602
outros_jeropiga,1993,25053
outros_mistelas,1993,1229584
outros_mosto_concentrado,1993,42000
outros_mosto_uva,1993,0
outros_mosto_sulfitado,1993,0
outros_nectar,1993,0
outros_outros_produtos,1993,0
outros_polpa,1993,0
outros_preparado_liquido,1993,0
outros_refrigerante,1993,0
outros_sangria,1993,0
outros_vinagre_balsamico,1993,0
outros_vinagre_duplo,1993,0
outros_vinagre_simples,1993,1521123
outros_vinho_acetificado,1993,0
outros_vinho_base,1993,0
outros_vinho_composto,1993,884622
outros_vinho_licoroso,1993,811985
outros_vinho_leve,1993,0
outros_vinho_gaseificado,1993,0
vinho_de_mesa,1994,180295366
vinho_mesa_tinto,1994,140192480
vinho_mesa_rosado,1994,13762956
vinho_mesa_branco,1994,26339930
vinho__fino_de_mesa,1994,46541918
vinho_mesa_tinto,1994,13290842
vinho_mesa_rosado,1994,1631454
vinho_mesa_branco,1994,31619622
vinho_frizante,1994,183160
vinho_organico,1994,0
vinho_especial,1994,1423645
vinho_especial_tinto,1994,589529
vinho_especial_rosado,1994,104886
vinho_especial_branco,1994,729230
espumantes_,1994,2661540
espumante_moscatel,1994,0
espumante,1994,0
espumante_organico,1994,0
suco_de_uvas,1994,6504949
suco_natural,1994,0
suco_adocado,1994,0
suco_reprocessado,1994,0
suco_organico,1994,0
outros_sucos,1994,0
suco_de_uvas_concentrado,1994,10005084
nan,1994,21351477
outros_outros_vinhos__sem_informdetalhada,1994,0
outros_agrin,1994,0
outros_aguardente,1994,0
outros_alcool_vinico,1994,0
outros_bagaceira,1994,20016
outros_base_champenoise,1994,0
outros_base_charmat,1994,0
outros_base_espumante,1994,0
outros_bebida,1994,0
outros_borra_liqwuida,1994,0
outros_borra_seca,1994,0
outros_brandy,1994,1519307
outros_cooler,1994,2798706
outros_coquetel,1994,0
outros_destilado,1994,236400
outros_filtrado_doce,1994,12190120
outros_jeropiga,1994,36612
outros_mistelas,1994,1968299
outros_mosto_concentrado,1994,0
outros_mosto_uva,1994,0
outros_mosto_sulfitado,1994,0
outros_nectar,1994,0
outros_outros_produtos,1994,0
outros_polpa,1994,0
outros_preparado_liquido,1994,0
outros_refrigerante,1994,0
outros_sangria,1994,0
outros_vinagre_balsamico,1994,0
outros_vinagre_duplo,1994,0
outros_vinagre_simples,1994,1287211
outros_vinho_acetificado,1994,0
outros_vinho_base,1994,0
outros_vinho_composto,1994,559442
outros_vinho_licoroso,1994,735364
outros_vinho_leve,1994,0
outros_vinho_gaseificado,1994,0
vinho_de_mesa,1995,146583828
vinho_mesa_tinto,1995,108968350
vinho_mesa_rosado,1995,11653971
vinho_mesa_branco,1995,25961507
vinho__fino_de_mesa,1995,40195501
vinho_mesa_tinto,1995,12299213
vinho_mesa_rosado,1995,1540910
vinho_mesa_branco,1995,26355378
vinho_frizante,1995,136526
vinho_organico,1995,0
vinho_especial,1995,1396441
vinho_especial_tinto,1995,628481
vinho_especial_rosado,1995,86933
vinho_especial_branco,1995,681027
espumantes_,1995,2276321
espumante_moscatel,1995,0
espumante,1995,0
espumante_organico,1995,0
suco_de_uvas,1995,4865675
suco_natural,1995,0
suco_adocado,1995,0
suco_reprocessado,1995,0
suco_organico,1995,0
outros_sucos,1995,0
suco_de_uvas_concentrado,1995,11029248
nan,1995,21348586
outros_outros_vinhos__sem_informdetalhada,1995,0
outros_agrin,1995,0
outros_aguardente,1995,0
outros_alcool_vinico,1995,0
outros_bagaceira,1995,39232
outros_base_champenoise,1995,0
outros_base_charmat,1995,0
outros_base_espumante,1995,0
outros_bebida,1995,0
outros_borra_liqwuida,1995,0
outros_borra_seca,1995,0
outros_brandy,1995,1846401
outros_cooler,1995,2664342
outros_coquetel,1995,0
outros_destilado,1995,135045
outros_filtrado_doce,1995,11222169
outros_jeropiga,1995,33024
outros_mistelas,1995,986673
outros_mosto_concentrado,1995,54120
outros_mosto_uva,1995,0
outros_mosto_sulfitado,1995,4982
outros_nectar,1995,0
outros_outros_produtos,1995,0
outros_polpa,1995,0
outros_preparado_liquido,1995,0
outros_refrigerante,1995,0
outros_sangria,1995,0
outros_vinagre_balsamico,1995,0
outros_vinagre_duplo,1995,0
outros_vinagre_simples,1995,2921137
outros_vinho_acetificado,1995,0
outros_vinho_base,1995,0
outros_vinho_composto,1995,645253
outros_vinho_licoroso,1995,796208
outros_vinho_leve,1995,0
outros_vinho_gaseificado,1995,0
vinho_de_mesa,1996,165831436
vinho_mesa_tinto,1996,122549540
vinho_mesa_rosado,1996,13374874
vinho_mesa_branco,1996,29907022
vinho__fino_de_mesa,1996,43695771
vinho_mesa_tinto,1996,13540528
vinho_mesa_rosado,1996,1457704
vinho_mesa_branco,1996,28697539
vinho_frizante,1996,260638
vinho_organico,1996,0
vinho_especial,1996,1261662
vinho_especial_tinto,1996,264304
vinho_especial_rosado,1996,70536
vinho_especial_branco,1996,926822
espumantes_,1996,2154497
espumante_moscatel,1996,0
espumante,1996,0
espumante_organico,1996,0
suco_de_uvas,1996,4495950
suco_natural,1996,0
suco_adocado,1996,0
suco_reprocessado,1996,0
suco_organico,1996,0
outros_sucos,1996,0
suco_de_uvas_concentrado,1996,11625777
nan,1996,27574147
outros_outros_vinhos__sem_informdetalhada,1996,0
outros_agrin,1996,0
outros_aguardente,1996,0
outros_alcool_vinico,1996,0
outros_bagaceira,1996,46959
outros_base_champenoise,1996,0
outros_base_charmat,1996,0
outros_base_espumante,1996,0
outros_bebida,1996,0
outros_borra_liqwuida,1996,0
outros_borra_seca,1996,0
outros_brandy,1996,2331889
outros_cooler,1996,3078523
outros_coquetel,1996,0
outros_destilado,1996,276355
outros_filtrado_doce,1996,8890818
outros_jeropiga,1996,85560
outros_mistelas,1996,906081
outros_mosto_concentrado,1996,55728
outros_mosto_uva,1996,0
outros_mosto_sulfitado,1996,0
outros_nectar,1996,0
outros_outros_produtos,1996,0
outros_polpa,1996,0
outros_preparado_liquido,1996,0
outros_refrigerante,1996,0
outros_sangria,1996,0
outros_vinagre_balsamico,1996,0
outros_vinagre_duplo,1996,0
outros_vinagre_simples,1996,3303855
outros_vinho_acetificado,1996,7224172
outros_vinho_base,1996,0
outros_vinho_composto,1996,559501
outros_vinho_licoroso,1996,814706
outros_vinho_leve,1996,0
outros_vinho_gaseificado,1996,0
vinho_de_mesa,1997,174768638
vinho_mesa_tinto,1997,127693158
vinho_mesa_rosado,1997,13550872
vinho_mesa_branco,1997,33524608
vinho__fino_de_mesa,1997,46442209
vinho_mesa_tinto,1997,18303579
vinho_mesa_rosado,1997,1997373
vinho_mesa_branco,1997,26141257
vinho_frizante,1997,221733
vinho_organico,1997,0
vinho_especial,1997,790617
vinho_especial_tinto,1997,136027
vinho_especial_rosado,1997,145144
vinho_especial_branco,1997,509446
espumantes_,1997,3054624
espumante_moscatel,1997,19222
espumante,1997,3035402
espumante_organico,1997,0
suco_de_uvas,1997,4996959
suco_natural,1997,0
suco_adocado,1997,0
suco_reprocessado,1997,0
suco_organico,1997,0
outros_sucos,1997,0
suco_de_uvas_concentrado,1997,16724519
nan,1997,31437414
outros_outros_vinhos__sem_informdetalhada,1997,0
outros_agrin,1997,0
outros_aguardente,1997,0
outros_alcool_vinico,1997,0
outros_bagaceira,1997,33549
outros_base_champenoise,1997,0
outros_base_charmat,1997,0
outros_base_espumante,1997,0
outros_bebida,1997,0
outros_borra_liqwuida,1997,0
outros_borra_seca,1997,0
outros_brandy,1997,2201034
outros_cooler,1997,4571501
outros_coquetel,1997,0
outros_destilado,1997,368631
outros_filtrado_doce,1997,11400130
outros_jeropiga,1997,78504
outros_mistelas,1997,420127
outros_mosto_concentrado,1997,124870
outros_mosto_uva,1997,0
outros_mosto_sulfitado,1997,0
outros_nectar,1997,0
outros_outros_produtos,1997,0
outros_polpa,1997,0
outros_preparado_liquido,1997,0
outros_refrigerante,1997,0
outros_sangria,1997,0
outros_vinagre_balsamico,1997,0
outros_vinagre_duplo,1997,0
outros_vinagre_simples,1997,2472555
outros_vinho_acetificado,1997,8162500
outros_vinho_base,1997,0
outros_vinho_composto,1997,847456
outros_vinho_licoroso,1997,756557
outros_vinho_leve,1997,0
outros_vinho_gaseificado,1997,0
vinho_de_mesa,1998,181576649
vinho_mesa_tinto,1998,133479291
vinho_mesa_rosado,1998,12980172
vinho_mesa_branco,1998,35117186
vinho__fino_de_mesa,1998,32456318
vinho_mesa_tinto,1998,11925188
vinho_mesa_rosado,1998,1585687
vinho_mesa_branco,1998,18945443
vinho_frizante,1998,15370
vinho_organico,1998,0
vinho_especial,1998,194075
vinho_especial_tinto,1998,50870
vinho_especial_rosado,1998,2074
vinho_especial_branco,1998,141131
espumantes_,1998,3253174
espumante_moscatel,1998,29712
espumante,1998,3223462
espumante_organico,1998,0
suco_de_uvas,1998,9025797
suco_natural,1998,0
suco_adocado,1998,0
suco_reprocessado,1998,0
suco_organico,1998,0
outros_sucos,1998,0
suco_de_uvas_concentrado,1998,13944137
nan,1998,29935005
outros_outros_vinhos__sem_informdetalhada,1998,0
outros_agrin,1998,0
outros_aguardente,1998,0
outros_alcool_vinico,1998,0
outros_bagaceira,1998,14356
outros_base_champenoise,1998,0
outros_base_charmat,1998,0
outros_base_espumante,1998,0
outros_bebida,1998,0
outros_borra_liqwuida,1998,0
outros_borra_seca,1998,0
outros_brandy,1998,2441572
outros_cooler,1998,5764233
outros_coquetel,1998,0
outros_destilado,1998,256061
outros_filtrado_doce,1998,11506197
outros_jeropiga,1998,49339
outros_mistelas,1998,108555
outros_mosto_concentrado,1998,0
outros_mosto_uva,1998,0
outros_mosto_sulfitado,1998,0
outros_nectar,1998,0
outros_outros_produtos,1998,0
outros_polpa,1998,0
outros_preparado_liquido,1998,0
outros_refrigerante,1998,0
outros_sangria,1998,0
outros_vinagre_balsamico,1998,0
outros_vinagre_duplo,1998,0
outros_vinagre_simples,1998,2394887
outros_vinho_acetificado,1998,4606230
outros_vinho_base,1998,0
outros_vinho_composto,1998,1137668
outros_vinho_licoroso,1998,1655907
outros_vinho_leve,1998,0
outros_vinho_gaseificado,1998,0
vinho_de_mesa,1999,200578746
vinho_mesa_tinto,1999,150857434
vinho_mesa_rosado,1999,13221934
vinho_mesa_branco,1999,36499378
vinho__fino_de_mesa,1999,37096571
vinho_mesa_tinto,1999,14706398
vinho_mesa_rosado,1999,1479987
vinho_mesa_branco,1999,20910186
vinho_frizante,1999,12861
vinho_organico,1999,0
vinho_especial,1999,234696
vinho_especial_tinto,1999,56589
vinho_especial_rosado,1999,112392
vinho_especial_branco,1999,65715
espumantes_,1999,5606536
espumante_moscatel,1999,50670
espumante,1999,5555866
espumante_organico,1999,0
suco_de_uvas,1999,7778310
suco_natural,1999,0
suco_adocado,1999,0
suco_reprocessado,1999,0
suco_organico,1999,0
outros_sucos,1999,0
suco_de_uvas_concentrado,1999,16261806
nan,1999,34388096
outros_outros_vinhos__sem_informdetalhada,1999,0
outros_agrin,1999,0
outros_aguardente,1999,0
outros_alcool_vinico,1999,0
outros_bagaceira,1999,5121
outros_base_champenoise,1999,0
outros_base_charmat,1999,0
outros_base_espumante,1999,0
outros_bebida,1999,0
outros_borra_liqwuida,1999,0
outros_borra_seca,1999,0
outros_brandy,1999,2480893
outros_cooler,1999,9424282
outros_coquetel,1999,0
outros_destilado,1999,409640
outros_filtrado_doce,1999,14457195
outros_jeropiga,1999,71800
outros_mistelas,1999,27060
outros_mosto_concentrado,1999,0
outros_mosto_uva,1999,0
outros_mosto_sulfitado,1999,88000
outros_nectar,1999,0
outros_outros_produtos,1999,0
outros_polpa,1999,0
outros_preparado_liquido,1999,0
outros_refrigerante,1999,0
outros_sangria,1999,0
outros_vinagre_balsamico,1999,0
outros_vinagre_duplo,1999,0
outros_vinagre_simples,1999,2426530
outros_vinho_acetificado,1999,2784540
outros_vinho_base,1999,0
outros_vinho_composto,1999,1199898
outros_vinho_licoroso,1999,1013137
outros_vinho_leve,1999,0
outros_vinho_gaseificado,1999,0
vinho_de_mesa,2000,221023603
vinho_mesa_tinto,2000,172183792
vinho_mesa_rosado,2000,9150927
vinho_mesa_branco,2000,39688884
vinho__fino_de_mesa,2000,34195829
vinho_mesa_tinto,2000,15119076
vinho_mesa_rosado,2000,1021310
vinho_mesa_branco,2000,18055443
vinho_frizante,2000,2583
vinho_organico,2000,0
vinho_especial,2000,249345
vinho_especial_tinto,2000,177872
vinho_especial_rosado,2000,0
vinho_especial_branco,2000,71473
espumantes_,2000,4330795
espumante_moscatel,2000,194723
espumante,2000,4136072
espumante_organico,2000,0
suco_de_uvas,2000,6847466
suco_natural,2000,0
suco_adocado,2000,0
suco_reprocessado,2000,0
suco_organico,2000,0
outros_sucos,2000,0
suco_de_uvas_concentrado,2000,15315971
nan,2000,37168164
outros_outros_vinhos__sem_informdetalhada,2000,0
outros_agrin,2000,0
outros_aguardente,2000,0
outros_alcool_vinico,2000,0
outros_bagaceira,2000,8213
outros_base_champenoise,2000,0
outros_base_charmat,2000,0
outros_base_espumante,2000,0
outros_bebida,2000,0
outros_borra_liqwuida,2000,0
outros_borra_seca,2000,0
outros_brandy,2000,2035067
outros_cooler,2000,10847415
outros_coquetel,2000,0
outros_destilado,2000,400579
outros_filtrado_doce,2000,11065803
outros_jeropiga,2000,66197
outros_mistelas,2000,0
outros_mosto_concentrado,2000,0
outros_mosto_uva,2000,0
outros_mosto_sulfitado,2000,180900
outros_nectar,2000,0
outros_outros_produtos,2000,0
outros_polpa,2000,0
outros_preparado_liquido,2000,0
outros_refrigerante,2000,0
outros_sangria,2000,0
outros_vinagre_balsamico,2000,0
outros_vinagre_duplo,2000,0
outros_vinagre_simples,2000,6654097
outros_vinho_acetificado,2000,3715390
outros_vinho_base,2000,0
outros_vinho_composto,2000,1084344
outros_vinho_licoroso,2000,1110159
outros_vinho_leve,2000,0
outros_vinho_gaseificado,2000,0
vinho_de_mesa,2001,221518224
vinho_mesa_tinto,2001,176793696
vinho_mesa_rosado,2001,7283912
vinho_mesa_branco,2001,37440616
vinho__fino_de_mesa,2001,28701658
vinho_mesa_tinto,2001,12112495
vinho_mesa_rosado,2001,790176
vinho_mesa_branco,2001,15798987
vinho_frizante,2001,0
vinho_organico,2001,0
vinho_especial,2001,492272
vinho_especial_tinto,2001,281260
vinho_especial_rosado,2001,12833
vinho_especial_branco,2001,198179
espumantes_,2001,4494015
espumante_moscatel,2001,474162
espumante,2001,4019853
espumante_organico,2001,0
suco_de_uvas,2001,11498893
suco_natural,2001,0
suco_adocado,2001,0
suco_reprocessado,2001,0
suco_organico,2001,0
outros_sucos,2001,0
suco_de_uvas_concentrado,2001,14704091
nan,2001,30853863
outros_outros_vinhos__sem_informdetalhada,2001,0
outros_agrin,2001,0
outros_aguardente,2001,0
outros_alcool_vinico,2001,0
outros_bagaceira,2001,13881
outros_base_champenoise,2001,0
outros_base_charmat,2001,0
outros_base_espumante,2001,0
outros_bebida,2001,0
outros_borra_liqwuida,2001,0
outros_borra_seca,2001,0
outros_brandy,2001,2018918
outros_cooler,2001,10994658
outros_coquetel,2001,0
outros_destilado,2001,208570
outros_filtrado_doce,2001,10253296
outros_jeropiga,2001,66824
outros_mistelas,2001,6619
outros_mosto_concentrado,2001,0
outros_mosto_uva,2001,0
outros_mosto_sulfitado,2001,369070
outros_nectar,2001,0
outros_outros_produtos,2001,0
outros_polpa,2001,0
outros_preparado_liquido,2001,0
outros_refrigerante,2001,0
outros_sangria,2001,0
outros_vinagre_balsamico,2001,0
outros_vinagre_duplo,2001,0
outros_vinagre_simples,2001,1767848
outros_vinho_acetificado,2001,3920000
outros_vinho_base,2001,0
outros_vinho_composto,2001,276791
outros_vinho_licoroso,2001,957388
outros_vinho_leve,2001,0
outros_vinho_gaseificado,2001,0
vinho_de_mesa,2002,227447392
vinho_mesa_tinto,2002,181274195
vinho_mesa_rosado,2002,8434812
vinho_mesa_branco,2002,37738385
vinho__fino_de_mesa,2002,25438750
vinho_mesa_tinto,2002,12109658
vinho_mesa_rosado,2002,650263
vinho_mesa_branco,2002,12678829
vinho_frizante,2002,5003
vinho_organico,2002,0
vinho_especial,2002,270364
vinho_especial_tinto,2002,258412
vinho_especial_rosado,2002,0
vinho_especial_branco,2002,11952
espumantes_,2002,4267544
espumante_moscatel,2002,525996
espumante,2002,3741548
espumante_organico,2002,0
suco_de_uvas,2002,9140897
suco_natural,2002,0
suco_adocado,2002,0
suco_reprocessado,2002,0
suco_organico,2002,0
outros_sucos,2002,0
suco_de_uvas_concentrado,2002,16499202
nan,2002,29950775
outros_outros_vinhos__sem_informdetalhada,2002,0
outros_agrin,2002,0
outros_aguardente,2002,0
outros_alcool_vinico,2002,0
outros_bagaceira,2002,23901
outros_base_champenoise,2002,0
outros_base_charmat,2002,0
outros_base_espumante,2002,0
outros_bebida,2002,0
outros_borra_liqwuida,2002,0
outros_borra_seca,2002,0
outros_brandy,2002,2030651
outros_cooler,2002,10423992
outros_coquetel,2002,0
outros_destilado,2002,169986
outros_filtrado_doce,2002,9105252
outros_jeropiga,2002,5003
outros_mistelas,2002,650136
outros_mosto_concentrado,2002,0
outros_mosto_uva,2002,0
outros_mosto_sulfitado,2002,2080050
outros_nectar,2002,0
outros_outros_produtos,2002,0
outros_polpa,2002,0
outros_preparado_liquido,2002,0
outros_refrigerante,2002,0
outros_sangria,2002,0
outros_vinagre_balsamico,2002,0
outros_vinagre_duplo,2002,0
outros_vinagre_simples,2002,1587601
outros_vinho_acetificado,2002,2947650
outros_vinho_base,2002,0
outros_vinho_composto,2002,300
outros_vinho_licoroso,2002,926253
outros_vinho_leve,2002,0
outros_vinho_gaseificado,2002,0
vinho_de_mesa,2003,217082959
vinho_mesa_tinto,2003,179225328
vinho_mesa_rosado,2003,6945806
vinho_mesa_branco,2003,30911825
vinho__fino_de_mesa,2003,23293171
vinho_mesa_tinto,2003,12559693
vinho_mesa_rosado,2003,579724
vinho_mesa_branco,2003,10153754
vinho_frizante,2003,5203
vinho_organico,2003,0
vinho_especial,2003,205269
vinho_especial_tinto,2003,87544
vinho_especial_rosado,2003,0
vinho_especial_branco,2003,117725
espumantes_,2003,4798284
espumante_moscatel,2003,594044
espumante,2003,4204240
espumante_organico,2003,0
suco_de_uvas,2003,7496195
suco_natural,2003,0
suco_adocado,2003,0
suco_reprocessado,2003,0
suco_organico,2003,0
outros_sucos,2003,0
suco_de_uvas_concentrado,2003,15246651
nan,2003,29636903
outros_outros_vinhos__sem_informdetalhada,2003,0
outros_agrin,2003,0
outros_aguardente,2003,0
outros_alcool_vinico,2003,0
outros_bagaceira,2003,28128
outros_base_champenoise,2003,0
outros_base_charmat,2003,0
outros_base_espumante,2003,0
outros_bebida,2003,1767072
outros_borra_liqwuida,2003,0
outros_borra_seca,2003,0
outros_brandy,2003,2729201
outros_cooler,2003,7355796
outros_coquetel,2003,0
outros_destilado,2003,169245
outros_filtrado_doce,2003,7954174
outros_jeropiga,2003,52987
outros_mistelas,2003,10435
outros_mosto_concentrado,2003,0
outros_mosto_uva,2003,0
outros_mosto_sulfitado,2003,0
outros_nectar,2003,1085422
outros_outros_produtos,2003,0
outros_polpa,2003,0
outros_preparado_liquido,2003,94231
outros_refrigerante,2003,0
outros_sangria,2003,330576
outros_vinagre_balsamico,2003,0
outros_vinagre_duplo,2003,0
outros_vinagre_simples,2003,2272996
outros_vinho_acetificado,2003,4314150
outros_vinho_base,2003,0
outros_vinho_composto,2003,582970
outros_vinho_licoroso,2003,889520
outros_vinho_leve,2003,0
outros_vinho_gaseificado,2003,0
vinho_de_mesa,2004,225021830
vinho_mesa_tinto,2004,186236086
vinho_mesa_rosado,2004,5478618
vinho_mesa_branco,2004,33307126
vinho__fino_de_mesa,2004,19884366
vinho_mesa_tinto,2004,10859722
vinho_mesa_rosado,2004,390371
vinho_mesa_branco,2004,8634273
vinho_frizante,2004,17225
vinho_organico,2004,0
vinho_especial,2004,66989
vinho_especial_tinto,2004,51824
vinho_especial_rosado,2004,0
vinho_especial_branco,2004,15165
espumantes_,2004,5485441
espumante_moscatel,2004,673332
espumante,2004,4812109
espumante_organico,2004,0
suco_de_uvas,2004,8805190
suco_natural,2004,0
suco_adocado,2004,0
suco_reprocessado,2004,0
suco_organico,2004,0
outros_sucos,2004,0
suco_de_uvas_concentrado,2004,19218964
nan,2004,32261664
outros_outros_vinhos__sem_informdetalhada,2004,0
outros_agrin,2004,7861278
outros_aguardente,2004,0
outros_alcool_vinico,2004,0
outros_bagaceira,2004,31294
outros_base_champenoise,2004,0
outros_base_charmat,2004,0
outros_base_espumante,2004,0
outros_bebida,2004,2977407
outros_borra_liqwuida,2004,0
outros_borra_seca,2004,0
outros_brandy,2004,2505882
outros_cooler,2004,6674776
outros_coquetel,2004,1428500
outros_destilado,2004,171335
outros_filtrado_doce,2004,8558393
outros_jeropiga,2004,31123
outros_mistelas,2004,3741
outros_mosto_concentrado,2004,0
outros_mosto_uva,2004,717
outros_mosto_sulfitado,2004,0
outros_nectar,2004,451845
outros_outros_produtos,2004,1491
outros_polpa,2004,832399
outros_preparado_liquido,2004,91243
outros_refrigerante,2004,0
outros_sangria,2004,1118654
outros_vinagre_balsamico,2004,7059
outros_vinagre_duplo,2004,277450
outros_vinagre_simples,2004,1659785
outros_vinho_acetificado,2004,3396380
outros_vinho_base,2004,19456
outros_vinho_composto,2004,1251605
outros_vinho_licoroso,2004,771129
outros_vinho_leve,2004,0
outros_vinho_gaseificado,2004,0
vinho_de_mesa,2005,271248493
vinho_mesa_tinto,2005,227987458
vinho_mesa_rosado,2005,3562059
vinho_mesa_branco,2005,39698976
vinho__fino_de_mesa,2005,22306004
vinho_mesa_tinto,2005,13335767
vinho_mesa_rosado,2005,472971
vinho_mesa_branco,2005,8497266
vinho_frizante,2005,111666
vinho_organico,2005,0
vinho_especial,2005,285994
vinho_especial_tinto,2005,278339
vinho_especial_rosado,2005,0
vinho_especial_branco,2005,7655
espumantes_,2005,6776672
espumante_moscatel,2005,1071448
espumante,2005,5705224
espumante_organico,2005,0
suco_de_uvas,2005,14675316
suco_natural,2005,0
suco_adocado,2005,0
suco_reprocessado,2005,0
suco_organico,2005,0
outros_sucos,2005,0
suco_de_uvas_concentrado,2005,23221898
nan,2005,32226420
outros_outros_vinhos__sem_informdetalhada,2005,0
outros_agrin,2005,7419736
outros_aguardente,2005,0
outros_alcool_vinico,2005,0
outros_bagaceira,2005,31048
outros_base_champenoise,2005,0
outros_base_charmat,2005,0
outros_base_espumante,2005,0
outros_bebida,2005,4533973
outros_borra_liqwuida,2005,0
outros_borra_seca,2005,0
outros_brandy,2005,2074381
outros_cooler,2005,6005392
outros_coquetel,2005,1286524
outros_destilado,2005,167878
outros_filtrado_doce,2005,7990925
outros_jeropiga,2005,23553
outros_mistelas,2005,5009
outros_mosto_concentrado,2005,0
outros_mosto_uva,2005,233420
outros_mosto_sulfitado,2005,0
outros_nectar,2005,362230
outros_outros_produtos,2005,1579563
outros_polpa,2005,940619
outros_preparado_liquido,2005,126667
outros_refrigerante,2005,0
outros_sangria,2005,1142453
outros_vinagre_balsamico,2005,9338
outros_vinagre_duplo,2005,93100
outros_vinagre_simples,2005,1785401
outros_vinho_acetificado,2005,1959030
outros_vinho_base,2005,30000
outros_vinho_composto,2005,1104777
outros_vinho_licoroso,2005,741139
outros_vinho_leve,2005,0
outros_vinho_gaseificado,2005,0
vinho_de_mesa,2006,245625614
vinho_mesa_tinto,2006,209438207
vinho_mesa_rosado,2006,3071382
vinho_mesa_branco,2006,33116025
vinho__fino_de_mesa,2006,22767358
vinho_mesa_tinto,2006,13920655
vinho_mesa_rosado,2006,307189
vinho_mesa_branco,2006,8539514
vinho_frizante,2006,258248
vinho_organico,2006,0
vinho_especial,2006,172176
vinho_especial_tinto,2006,171361
vinho_especial_rosado,2006,0
vinho_especial_branco,2006,815
espumantes_,2006,7728838
espumante_moscatel,2006,1320959
espumante,2006,6407879
espumante_organico,2006,0
suco_de_uvas,2006,15640857
suco_natural,2006,0
suco_adocado,2006,0
suco_reprocessado,2006,0
suco_organico,2006,0
outros_sucos,2006,0
suco_de_uvas_concentrado,2006,23228388
nan,2006,27088994
outros_outros_vinhos__sem_informdetalhada,2006,0
outros_agrin,2006,7677906
outros_aguardente,2006,0
outros_alcool_vinico,2006,0
outros_bagaceira,2006,29939
outros_base_champenoise,2006,0
outros_base_charmat,2006,0
outros_base_espumante,2006,0
outros_bebida,2006,5097873
outros_borra_liqwuida,2006,0
outros_borra_seca,2006,0
outros_brandy,2006,5500
outros_cooler,2006,5067810
outros_coquetel,2006,932979
outros_destilado,2006,194434
outros_filtrado_doce,2006,7820382
outros_jeropiga,2006,46926
outros_mistelas,2006,4500
outros_mosto_concentrado,2006,0
outros_mosto_uva,2006,7740
outros_mosto_sulfitado,2006,0
outros_nectar,2006,358963
outros_outros_produtos,2006,5934
outros_polpa,2006,987828
outros_preparado_liquido,2006,632074
outros_refrigerante,2006,0
outros_sangria,2006,1208403
outros_vinagre_balsamico,2006,9344
outros_vinagre_duplo,2006,125312
outros_vinagre_simples,2006,2088195
outros_vinho_acetificado,2006,892770
outros_vinho_base,2006,68
outros_vinho_composto,2006,844292
outros_vinho_licoroso,2006,727728
outros_vinho_leve,2006,0
outros_vinho_gaseificado,2006,0
vinho_de_mesa,2007,226710045
vinho_mesa_tinto,2007,190526781
vinho_mesa_rosado,2007,2252558
vinho_mesa_branco,2007,29122090
vinho__fino_de_mesa,2007,21485699
vinho_mesa_tinto,2007,13872339
vinho_mesa_rosado,2007,416285
vinho_mesa_branco,2007,7197075
vinho_frizante,2007,250114
vinho_organico,2007,0
vinho_especial,2007,106333
vinho_especial_tinto,2007,106333
vinho_especial_rosado,2007,0
vinho_especial_branco,2007,0
espumantes_,2007,8596406
espumante_moscatel,2007,1585203
espumante,2007,7011203
espumante_organico,2007,0
suco_de_uvas,2007,18514411
suco_natural,2007,0
suco_adocado,2007,0
suco_reprocessado,2007,0
suco_organico,2007,0
outros_sucos,2007,0
suco_de_uvas_concentrado,2007,25603588
nan,2007,27833872
outros_outros_vinhos__sem_informdetalhada,2007,0
outros_agrin,2007,7188135
outros_aguardente,2007,0
outros_alcool_vinico,2007,0
outros_bagaceira,2007,21186
outros_base_champenoise,2007,0
outros_base_charmat,2007,0
outros_base_espumante,2007,0
outros_bebida,2007,5369833
outros_borra_liqwuida,2007,0
outros_borra_seca,2007,24543
outros_brandy,2007,5929
outros_cooler,2007,5008953
outros_coquetel,2007,798624
outros_destilado,2007,139410
outros_filtrado_doce,2007,7586058
outros_jeropiga,2007,19926
outros_mistelas,2007,3430
outros_mosto_concentrado,2007,0
outros_mosto_uva,2007,2000
outros_mosto_sulfitado,2007,0
outros_nectar,2007,541685
outros_outros_produtos,2007,597586
outros_polpa,2007,1177805
outros_preparado_liquido,2007,753842
outros_refrigerante,2007,0
outros_sangria,2007,541088
outros_vinagre_balsamico,2007,17384
outros_vinagre_duplo,2007,479747
outros_vinagre_simples,2007,2338035
outros_vinho_acetificado,2007,921000
outros_vinho_base,2007,0
outros_vinho_composto,2007,898156
outros_vinho_licoroso,2007,587652
outros_vinho_leve,2007,0
outros_vinho_gaseificado,2007,0
vinho_de_mesa,2008,200488612
vinho_mesa_tinto,2008,172020779
vinho_mesa_rosado,2008,1840779
vinho_mesa_branco,2008,26627054
vinho__fino_de_mesa,2008,23167738
vinho_mesa_tinto,2008,13920224
vinho_mesa_rosado,2008,313513
vinho_mesa_branco,2008,8934001
vinho_frizante,2008,441691
vinho_organico,2008,0
vinho_especial,2008,65
vinho_especial_tinto,2008,65
vinho_especial_rosado,2008,0
vinho_especial_branco,2008,0
espumantes_,2008,9539610
espumante_moscatel,2008,1905395
espumante,2008,7634215
espumante_organico,2008,0
suco_de_uvas,2008,21568032
suco_natural,2008,0
suco_adocado,2008,0
suco_reprocessado,2008,0
suco_organico,2008,0
outros_sucos,2008,0
suco_de_uvas_concentrado,2008,27880465
nan,2008,28697650
outros_outros_vinhos__sem_informdetalhada,2008,0
outros_agrin,2008,7268443
outros_aguardente,2008,0
outros_alcool_vinico,2008,0
outros_bagaceira,2008,23195
outros_base_champenoise,2008,69800
outros_base_charmat,2008,56
outros_base_espumante,2008,12794
outros_bebida,2008,3888187
outros_borra_liqwuida,2008,0
outros_borra_seca,2008,18640
outros_brandy,2008,6606
outros_cooler,2008,4367404
outros_coquetel,2008,791532
outros_destilado,2008,32281
outros_filtrado_doce,2008,7551842
outros_jeropiga,2008,10796
outros_mistelas,2008,3340
outros_mosto_concentrado,2008,0
outros_mosto_uva,2008,0
outros_mosto_sulfitado,2008,0
outros_nectar,2008,2019104
outros_outros_produtos,2008,743367
outros_polpa,2008,1316846
outros_preparado_liquido,2008,694816
outros_refrigerante,2008,0
outros_sangria,2008,455704
outros_vinagre_balsamico,2008,20395
outros_vinagre_duplo,2008,687430
outros_vinagre_simples,2008,2813447
outros_vinho_acetificado,2008,1547161
outros_vinho_base,2008,0
outros_vinho_composto,2008,1065845
outros_vinho_licoroso,2008,557062
outros_vinho_leve,2008,0
outros_vinho_gaseificado,2008,0
vinho_de_mesa,2009,234525979
vinho_mesa_tinto,2009,193004182
vinho_mesa_rosado,2009,2307580
vinho_mesa_branco,2009,39214217
vinho__fino_de_mesa,2009,33080270
vinho_mesa_tinto,2009,19576295
vinho_mesa_rosado,2009,213835
vinho_mesa_branco,2009,13290140
vinho_frizante,2009,1003596
vinho_organico,2009,0
vinho_especial,2009,113
vinho_especial_tinto,2009,113
vinho_especial_rosado,2009,0
vinho_especial_branco,2009,0
espumantes_,2009,11242890
espumante_moscatel,2009,2500230
espumante,2009,8742660
espumante_organico,2009,0
suco_de_uvas,2009,29131455
suco_natural,2009,0
suco_adocado,2009,0
suco_reprocessado,2009,0
suco_organico,2009,0
outros_sucos,2009,0
suco_de_uvas_concentrado,2009,31861857
nan,2009,26554757
outros_outros_vinhos__sem_informdetalhada,2009,0
outros_agrin,2009,6745427
outros_aguardente,2009,0
outros_alcool_vinico,2009,0
outros_bagaceira,2009,21133
outros_base_champenoise,2009,0
outros_base_charmat,2009,0
outros_base_espumante,2009,0
outros_bebida,2009,1279586
outros_borra_liqwuida,2009,12000
outros_borra_seca,2009,0
outros_brandy,2009,7151
outros_cooler,2009,4561959
outros_coquetel,2009,1354734
outros_destilado,2009,100
outros_filtrado_doce,2009,6533888
outros_jeropiga,2009,14443
outros_mistelas,2009,7034
outros_mosto_concentrado,2009,0
outros_mosto_uva,2009,0
outros_mosto_sulfitado,2009,0
outros_nectar,2009,4933019
outros_outros_produtos,2009,418132
outros_polpa,2009,1339958
outros_preparado_liquido,2009,467005
outros_refrigerante,2009,0
outros_sangria,2009,192082
outros_vinagre_balsamico,2009,36937
outros_vinagre_duplo,2009,426804
outros_vinagre_simples,2009,2996318
outros_vinho_acetificado,2009,808389
outros_vinho_base,2009,10649
outros_vinho_composto,2009,542123
outros_vinho_licoroso,2009,591313
outros_vinho_leve,2009,0
outros_vinho_gaseificado,2009,0
vinho_de_mesa,2010,221242945
vinho_mesa_tinto,2010,188649074
vinho_mesa_rosado,2010,2036928
vinho_mesa_branco,2010,30556943
vinho__fino_de_mesa,2010,21390159
vinho_mesa_tinto,2010,15184398
vinho_mesa_rosado,2010,236802
vinho_mesa_branco,2010,5968959
vinho_frizante,2010,1851136
vinho_organico,2010,0
vinho_especial,2010,293
vinho_especial_tinto,2010,293
vinho_especial_rosado,2010,0
vinho_especial_branco,2010,0
espumantes_,2010,12647906
espumante_moscatel,2010,2946179
espumante,2010,9701727
espumante_organico,2010,0
suco_de_uvas,2010,35164681
suco_natural,2010,0
suco_adocado,2010,0
suco_reprocessado,2010,0
suco_organico,2010,0
outros_sucos,2010,0
suco_de_uvas_concentrado,2010,30827991
nan,2010,29023870
outros_outros_vinhos__sem_informdetalhada,2010,0
outros_agrin,2010,6852708
outros_aguardente,2010,0
outros_alcool_vinico,2010,0
outros_bagaceira,2010,16413
outros_base_champenoise,2010,11
outros_base_charmat,2010,42847
outros_base_espumante,2010,18418
outros_bebida,2010,763368
outros_borra_liqwuida,2010,13000
outros_borra_seca,2010,46000
outros_brandy,2010,6448
outros_cooler,2010,4674272
outros_coquetel,2010,977962
outros_destilado,2010,31814
outros_filtrado_doce,2010,6611313
outros_jeropiga,2010,37310
outros_mistelas,2010,26577
outros_mosto_concentrado,2010,0
outros_mosto_uva,2010,12438
outros_mosto_sulfitado,2010,0
outros_nectar,2010,5397459
outros_outros_produtos,2010,284824
outros_polpa,2010,2774322
outros_preparado_liquido,2010,377010
outros_refrigerante,2010,0
outros_sangria,2010,172214
outros_vinagre_balsamico,2010,67502
outros_vinagre_duplo,2010,912242
outros_vinagre_simples,2010,3336175
outros_vinho_acetificado,2010,1123858
outros_vinho_base,2010,0
outros_vinho_composto,2010,661586
outros_vinho_licoroso,2010,638487
outros_vinho_leve,2010,0
outros_vinho_gaseificado,2010,0
vinho_de_mesa,2011,230310468
vinho_mesa_tinto,2011,196562722
vinho_mesa_rosado,2011,1668823
vinho_mesa_branco,2011,32078923
vinho__fino_de_mesa,2011,19967310
vinho_mesa_tinto,2011,14876896
vinho_mesa_rosado,2011,211484
vinho_mesa_branco,2011,4878930
vinho_frizante,2011,1706679
vinho_organico,2011,0
vinho_especial,2011,699
vinho_especial_tinto,2011,699
vinho_especial_rosado,2011,0
vinho_especial_branco,2011,0
espumantes_,2011,13305275
espumante_moscatel,2011,2996441
espumante,2011,10308834
espumante_organico,2011,0
suco_de_uvas,2011,45222136
suco_natural,2011,0
suco_adocado,2011,0
suco_reprocessado,2011,0
suco_organico,2011,0
outros_sucos,2011,0
suco_de_uvas_concentrado,2011,34892316
nan,2011,28783827
outros_outros_vinhos__sem_informdetalhada,2011,0
outros_agrin,2011,5997697
outros_aguardente,2011,0
outros_alcool_vinico,2011,0
outros_bagaceira,2011,18111
outros_base_champenoise,2011,41134
outros_base_charmat,2011,66220
outros_base_espumante,2011,22162
outros_bebida,2011,532821
outros_borra_liqwuida,2011,22016
outros_borra_seca,2011,73006
outros_brandy,2011,5640
outros_cooler,2011,4684087
outros_coquetel,2011,805235
outros_destilado,2011,90364
outros_filtrado_doce,2011,7001836
outros_jeropiga,2011,57887
outros_mistelas,2011,983
outros_mosto_concentrado,2011,0
outros_mosto_uva,2011,291399
outros_mosto_sulfitado,2011,0
outros_nectar,2011,5703340
outros_outros_produtos,2011,385029
outros_polpa,2011,1875782
outros_preparado_liquido,2011,367193
outros_refrigerante,2011,0
outros_sangria,2011,158868
outros_vinagre_balsamico,2011,78540
outros_vinagre_duplo,2011,875720
outros_vinagre_simples,2011,3386303
outros_vinho_acetificado,2011,983700
outros_vinho_base,2011,0
outros_vinho_composto,2011,662965
outros_vinho_licoroso,2011,593486
outros_vinho_leve,2011,0
outros_vinho_gaseificado,2011,0
vinho_de_mesa,2012,206969571
vinho_mesa_tinto,2012,173964776
vinho_mesa_rosado,2012,1738134
vinho_mesa_branco,2012,31266661
vinho__fino_de_mesa,2012,22469950
vinho_mesa_tinto,2012,15443016
vinho_mesa_rosado,2012,150806
vinho_mesa_branco,2012,6876128
vinho_frizante,2012,1605767
vinho_organico,2012,0
vinho_especial,2012,239
vinho_especial_tinto,2012,239
vinho_especial_rosado,2012,0
vinho_especial_branco,2012,0
espumantes_,2012,14889147
espumante_moscatel,2012,3610289
espumante,2012,11278858
espumante_organico,2012,0
suco_de_uvas,2012,53832204
suco_natural,2012,0
suco_adocado,2012,0
suco_reprocessado,2012,0
suco_organico,2012,0
outros_sucos,2012,0
suco_de_uvas_concentrado,2012,33529324
nan,2012,30316511
outros_outros_vinhos__sem_informdetalhada,2012,0
outros_agrin,2012,5311258
outros_aguardente,2012,0
outros_alcool_vinico,2012,0
outros_bagaceira,2012,14710
outros_base_champenoise,2012,42671
outros_base_charmat,2012,46518
outros_base_espumante,2012,25921
outros_bebida,2012,261223
outros_borra_liqwuida,2012,21980
outros_borra_seca,2012,89000
outros_brandy,2012,5495
outros_cooler,2012,4258333
outros_coquetel,2012,907199
outros_destilado,2012,30000
outros_filtrado_doce,2012,7108554
outros_jeropiga,2012,55050
outros_mistelas,2012,5097
outros_mosto_concentrado,2012,0
outros_mosto_uva,2012,29304
outros_mosto_sulfitado,2012,0
outros_nectar,2012,5644055
outros_outros_produtos,2012,484205
outros_polpa,2012,1995839
outros_preparado_liquido,2012,613313
outros_refrigerante,2012,0
outros_sangria,2012,73590
outros_vinagre_balsamico,2012,102259
outros_vinagre_duplo,2012,1208132
outros_vinagre_simples,2012,4027358
outros_vinho_acetificado,2012,2110450
outros_vinho_base,2012,0
outros_vinho_composto,2012,510914
outros_vinho_licoroso,2012,645341
outros_vinho_leve,2012,0
outros_vinho_gaseificado,2012,0
vinho_de_mesa,2013,221590810
vinho_mesa_tinto,2013,188033494
vinho_mesa_rosado,2013,1777648
vinho_mesa_branco,2013,31779668
vinho__fino_de_mesa,2013,27912934
vinho_mesa_tinto,2013,19121750
vinho_mesa_rosado,2013,214269
vinho_mesa_branco,2013,8576915
vinho_frizante,2013,1764851
vinho_organico,2013,0
vinho_especial,2013,2257
vinho_especial_tinto,2013,2257
vinho_especial_rosado,2013,0
vinho_especial_branco,2013,0
espumantes_,2013,15978504
espumante_moscatel,2013,3783531
espumante,2013,12194973
espumante_organico,2013,0
suco_de_uvas,2013,75973297
suco_natural,2013,0
suco_adocado,2013,0
suco_reprocessado,2013,0
suco_organico,2013,0
outros_sucos,2013,0
suco_de_uvas_concentrado,2013,38369914
nan,2013,36841561
outros_outros_vinhos__sem_informdetalhada,2013,0
outros_agrin,2013,56936
outros_aguardente,2013,0
outros_alcool_vinico,2013,0
outros_bagaceira,2013,17075
outros_base_champenoise,2013,27078
outros_base_charmat,2013,97260
outros_base_espumante,2013,26483
outros_bebida,2013,291188
outros_borra_liqwuida,2013,22000
outros_borra_seca,2013,62825
outros_brandy,2013,6276
outros_cooler,2013,4028017
outros_coquetel,2013,806955
outros_destilado,2013,24838
outros_filtrado_doce,2013,6685648
outros_jeropiga,2013,94860
outros_mistelas,2013,1655
outros_mosto_concentrado,2013,0
outros_mosto_uva,2013,325562
outros_mosto_sulfitado,2013,0
outros_nectar,2013,5347775
outros_outros_produtos,2013,529274
outros_polpa,2013,1981851
outros_preparado_liquido,2013,623481
outros_refrigerante,2013,0
outros_sangria,2013,76039
outros_vinagre_balsamico,2013,122749
outros_vinagre_duplo,2013,3233270
outros_vinagre_simples,2013,8049936
outros_vinho_acetificado,2013,3154800
outros_vinho_base,2013,0
outros_vinho_composto,2013,595513
outros_vinho_licoroso,2013,609153
outros_vinho_leve,2013,0
outros_vinho_gaseificado,2013,0
vinho_de_mesa,2014,206404427
vinho_mesa_tinto,2014,178250072
vinho_mesa_rosado,2014,1419855
vinho_mesa_branco,2014,26734500
vinho__fino_de_mesa,2014,20424983
vinho_mesa_tinto,2014,15354938
vinho_mesa_rosado,2014,164219
vinho_mesa_branco,2014,4905826
vinho_frizante,2014,1893469
vinho_organico,2014,0
vinho_especial,2014,7231
vinho_especial_tinto,2014,7231
vinho_especial_rosado,2014,0
vinho_especial_branco,2014,0
espumantes_,2014,17191075
espumante_moscatel,2014,4588465
espumante,2014,12602610
espumante_organico,2014,0
suco_de_uvas,2014,88013377
suco_natural,2014,0
suco_adocado,2014,0
suco_reprocessado,2014,0
suco_organico,2014,0
outros_sucos,2014,0
suco_de_uvas_concentrado,2014,39359935
nan,2014,34963296
outros_outros_vinhos__sem_informdetalhada,2014,0
outros_agrin,2014,0
outros_aguardente,2014,0
outros_alcool_vinico,2014,0
outros_bagaceira,2014,14472
outros_base_champenoise,2014,46476
outros_base_charmat,2014,75067
outros_base_espumante,2014,37395
outros_bebida,2014,70999
outros_borra_liqwuida,2014,33381
outros_borra_seca,2014,106400
outros_brandy,2014,6625
outros_cooler,2014,4045218
outros_coquetel,2014,736496
outros_destilado,2014,150
outros_filtrado_doce,2014,6267047
outros_jeropiga,2014,64937
outros_mistelas,2014,948
outros_mosto_concentrado,2014,0
outros_mosto_uva,2014,1818425
outros_mosto_sulfitado,2014,0
outros_nectar,2014,3488907
outros_outros_produtos,2014,639191
outros_polpa,2014,2358125
outros_preparado_liquido,2014,259320
outros_refrigerante,2014,0
outros_sangria,2014,86279
outros_vinagre_balsamico,2014,124379
outros_vinagre_duplo,2014,969702
outros_vinagre_simples,2014,8180657
outros_vinho_acetificado,2014,4465675
outros_vinho_base,2014,0
outros_vinho_composto,2014,450121
outros_vinho_licoroso,2014,616904
outros_vinho_leve,2014,0
outros_vinho_gaseificado,2014,0
vinho_de_mesa,2015,209198468
vinho_mesa_tinto,2015,182028785
vinho_mesa_rosado,2015,1409002
vinho_mesa_branco,2015,25760681
vinho__fino_de_mesa,2015,20141631
vinho_mesa_tinto,2015,15572632
vinho_mesa_rosado,2015,169185
vinho_mesa_branco,2015,4399814
vinho_frizante,2015,1836167
vinho_organico,2015,0
vinho_especial,2015,593
vinho_especial_tinto,2015,593
vinho_especial_rosado,2015,0
vinho_especial_branco,2015,0
espumantes_,2015,18897144
espumante_moscatel,2015,5010704
espumante,2015,13886440
espumante_organico,2015,0
suco_de_uvas,2015,115288072
suco_natural,2015,0
suco_adocado,2015,0
suco_reprocessado,2015,0
suco_organico,2015,0
outros_sucos,2015,0
suco_de_uvas_concentrado,2015,34923477
nan,2015,31922948
outros_outros_vinhos__sem_informdetalhada,2015,0
outros_agrin,2015,0
outros_aguardente,2015,5
outros_alcool_vinico,2015,0
outros_bagaceira,2015,16268
outros_base_champenoise,2015,72774
outros_base_charmat,2015,117404
outros_base_espumante,2015,77054
outros_bebida,2015,2801
outros_borra_liqwuida,2015,24091
outros_borra_seca,2015,128754
outros_brandy,2015,8118
outros_cooler,2015,3297202
outros_coquetel,2015,611787
outros_destilado,2015,0
outros_filtrado_doce,2015,6001714
outros_jeropiga,2015,58860
outros_mistelas,2015,1144
outros_mosto_concentrado,2015,0
outros_mosto_uva,2015,335966
outros_mosto_sulfitado,2015,0
outros_nectar,2015,3959884
outros_outros_produtos,2015,660042
outros_polpa,2015,2500025
outros_preparado_liquido,2015,160245
outros_refrigerante,2015,0
outros_sangria,2015,131599
outros_vinagre_balsamico,2015,120677
outros_vinagre_duplo,2015,1164527
outros_vinagre_simples,2015,8188031
outros_vinho_acetificado,2015,3359266
outros_vinho_base,2015,0
outros_vinho_composto,2015,413735
outros_vinho_licoroso,2015,510975
outros_vinho_leve,2015,0
outros_vinho_gaseificado,2015,0
vinho_de_mesa,2016,166769622
vinho_mesa_tinto,2016,146646365
vinho_mesa_rosado,2016,1391942
vinho_mesa_branco,2016,18731315
vinho__fino_de_mesa,2016,19630158
vinho_mesa_tinto,2016,15228514
vinho_mesa_rosado,2016,172351
vinho_mesa_branco,2016,4229293
vinho_frizante,2016,1727386
vinho_organico,2016,0
vinho_especial,2016,331
vinho_especial_tinto,2016,331
vinho_especial_rosado,2016,0
vinho_especial_branco,2016,0
espumantes_,2016,16945710
espumante_moscatel,2016,4507467
espumante,2016,12438243
espumante_organico,2016,0
suco_de_uvas,2016,92290851
suco_natural,2016,0
suco_adocado,2016,0
suco_reprocessado,2016,0
suco_organico,2016,0
outros_sucos,2016,0
suco_de_uvas_concentrado,2016,28859784
nan,2016,27120309
outros_outros_vinhos__sem_informdetalhada,2016,0
outros_agrin,2016,0
outros_aguardente,2016,0
outros_alcool_vinico,2016,6315
outros_bagaceira,2016,9301
outros_base_champenoise,2016,74805
outros_base_charmat,2016,122356
outros_base_espumante,2016,131739
outros_bebida,2016,1483
outros_borra_liqwuida,2016,15000
outros_borra_seca,2016,57292
outros_brandy,2016,8253
outros_cooler,2016,2450732
outros_coquetel,2016,506532
outros_destilado,2016,6700
outros_filtrado_doce,2016,4225414
outros_jeropiga,2016,14429
outros_mistelas,2016,835
outros_mosto_concentrado,2016,0
outros_mosto_uva,2016,9458
outros_mosto_sulfitado,2016,0
outros_nectar,2016,3288046
outros_outros_produtos,2016,763041
outros_polpa,2016,1924093
outros_preparado_liquido,2016,33684
outros_refrigerante,2016,0
outros_sangria,2016,77070
outros_vinagre_balsamico,2016,101991
outros_vinagre_duplo,2016,1083539
outros_vinagre_simples,2016,8186761
outros_vinho_acetificado,2016,3097566
outros_vinho_base,2016,0
outros_vinho_composto,2016,377685
outros_vinho_licoroso,2016,546189
outros_vinho_leve,2016,0
outros_vinho_gaseificado,2016,0
vinho_de_mesa,2017,176059959
vinho_mesa_tinto,2017,154309442
vinho_mesa_rosado,2017,1097426
vinho_mesa_branco,2017,20653091
vinho__fino_de_mesa,2017,15874354
vinho_mesa_tinto,2017,12021684
vinho_mesa_rosado,2017,182080
vinho_mesa_branco,2017,3670590
vinho_frizante,2017,1586985
vinho_organico,2017,0
vinho_especial,2017,0
vinho_especial_tinto,2017,0
vinho_especial_rosado,2017,0
vinho_especial_branco,2017,0
espumantes_,2017,17583283
espumante_moscatel,2017,5561181
espumante,2017,12022102
espumante_organico,2017,0
suco_de_uvas,2017,107243326
suco_natural,2017,0
suco_adocado,2017,0
suco_reprocessado,2017,0
suco_organico,2017,0
outros_sucos,2017,0
suco_de_uvas_concentrado,2017,26815645
nan,2017,28027052
outros_outros_vinhos__sem_informdetalhada,2017,0
outros_agrin,2017,0
outros_aguardente,2017,0
outros_alcool_vinico,2017,49662
outros_bagaceira,2017,9257
outros_base_champenoise,2017,48866
outros_base_charmat,2017,298836
outros_base_espumante,2017,139070
outros_bebida,2017,10297
outros_borra_liqwuida,2017,20795
outros_borra_seca,2017,4970
outros_brandy,2017,5089
outros_cooler,2017,2471612
outros_coquetel,2017,418433
outros_destilado,2017,0
outros_filtrado_doce,2017,4208753
outros_jeropiga,2017,508
outros_mistelas,2017,1194
outros_mosto_concentrado,2017,0
outros_mosto_uva,2017,63971
outros_mosto_sulfitado,2017,0
outros_nectar,2017,4727294
outros_outros_produtos,2017,1082923
outros_polpa,2017,1876212
outros_preparado_liquido,2017,30519
outros_refrigerante,2017,0
outros_sangria,2017,62272
outros_vinagre_balsamico,2017,81944
outros_vinagre_duplo,2017,975992
outros_vinagre_simples,2017,7686691
outros_vinho_acetificado,2017,2769202
outros_vinho_base,2017,0
outros_vinho_composto,2017,485944
outros_vinho_licoroso,2017,496746
outros_vinho_leve,2017,0
outros_vinho_gaseificado,2017,0
vinho_de_mesa,2018,177186273
vinho_mesa_tinto,2018,155115499
vinho_mesa_rosado,2018,1972944
vinho_mesa_branco,2018,20097830
vinho__fino_de_mesa,2018,14826143
vinho_mesa_tinto,2018,11150517
vinho_mesa_rosado,2018,262430
vinho_mesa_branco,2018,3413196
vinho_frizante,2018,1638337
vinho_organico,2018,0
vinho_especial,2018,0
vinho_especial_tinto,2018,0
vinho_especial_rosado,2018,0
vinho_especial_branco,2018,0
espumantes_,2018,18218375
espumante_moscatel,2018,6526075
espumante,2018,11692300
espumante_organico,2018,0
suco_de_uvas,2018,140472108
suco_natural,2018,0
suco_adocado,2018,0
suco_reprocessado,2018,0
suco_organico,2018,0
outros_sucos,2018,0
suco_de_uvas_concentrado,2018,23572263
nan,2018,31246158
outros_outros_vinhos__sem_informdetalhada,2018,3734763
outros_agrin,2018,0
outros_aguardente,2018,0
outros_alcool_vinico,2018,21575
outros_bagaceira,2018,6929
outros_base_champenoise,2018,74941
outros_base_charmat,2018,287361
outros_base_espumante,2018,109200
outros_bebida,2018,10330
outros_borra_liqwuida,2018,11600
outros_borra_seca,2018,721280
outros_brandy,2018,4652
outros_cooler,2018,3091682
outros_coquetel,2018,349836
outros_destilado,2018,82
outros_filtrado_doce,2018,3867645
outros_jeropiga,2018,173
outros_mistelas,2018,1902
outros_mosto_concentrado,2018,0
outros_mosto_uva,2018,715708
outros_mosto_sulfitado,2018,0
outros_nectar,2018,3517417
outros_outros_produtos,2018,1773526
outros_polpa,2018,1853162
outros_preparado_liquido,2018,76888
outros_refrigerante,2018,40574
outros_sangria,2018,58498
outros_vinagre_balsamico,2018,133714
outros_vinagre_duplo,2018,888589
outros_vinagre_simples,2018,6994467
outros_vinho_acetificado,2018,2158993
outros_vinho_base,2018,0
outros_vinho_composto,2018,249165
outros_vinho_licoroso,2018,491165
outros_vinho_leve,2018,198
outros_vinho_gaseificado,2018,143
vinho_de_mesa,2019,180446489
vinho_mesa_tinto,2019,158519218
vinho_mesa_rosado,2019,1265435
vinho_mesa_branco,2019,20661836
vinho__fino_de_mesa,2019,15684588
vinho_mesa_tinto,2019,11433702
vinho_mesa_rosado,2019,503524
vinho_mesa_branco,2019,3747362
vinho_frizante,2019,1826433
vinho_organico,2019,2554
vinho_especial,2019,0
vinho_especial_tinto,2019,0
vinho_especial_rosado,2019,0
vinho_especial_branco,2019,0
espumantes_,2019,22759859
espumante_moscatel,2019,8997187
espumante,2019,13762361
espumante_organico,2019,311
suco_de_uvas,2019,147907617
suco_natural,2019,131628685
suco_adocado,2019,0
suco_reprocessado,2019,7759932
suco_organico,2019,416849
outros_sucos,2019,8102151
suco_de_uvas_concentrado,2019,28721470
nan,2019,34794651
outros_outros_vinhos__sem_informdetalhada,2019,310886
outros_agrin,2019,0
outros_aguardente,2019,0
outros_alcool_vinico,2019,0
outros_bagaceira,2019,8746
outros_base_champenoise,2019,65692
outros_base_charmat,2019,271714
outros_base_espumante,2019,115468
outros_bebida,2019,498512
outros_borra_liqwuida,2019,17398
outros_borra_seca,2019,153770
outros_brandy,2019,5015
outros_cooler,2019,3782516
outros_coquetel,2019,269701
outros_destilado,2019,309
outros_filtrado_doce,2019,4076204
outros_jeropiga,2019,0
outros_mistelas,2019,3765
outros_mosto_concentrado,2019,0
outros_mosto_uva,2019,5736852
outros_mosto_sulfitado,2019,94000
outros_nectar,2019,4006608
outros_outros_produtos,2019,2294581
outros_polpa,2019,1838395
outros_preparado_liquido,2019,52567
outros_refrigerante,2019,110648
outros_sangria,2019,67279
outros_vinagre_balsamico,2019,211653
outros_vinagre_duplo,2019,1130092
outros_vinagre_simples,2019,6246945
outros_vinho_acetificado,2019,2592380
outros_vinho_base,2019,0
outros_vinho_composto,2019,366549
outros_vinho_licoroso,2019,465964
outros_vinho_leve,2019,306
outros_vinho_gaseificado,2019,136
vinho_de_mesa,2020,215557931
vinho_mesa_tinto,2020,189573423
vinho_mesa_rosado,2020,1394901
vinho_mesa_branco,2020,24589607
vinho__fino_de_mesa,2020,24310834
vinho_mesa_tinto,2020,18202453
vinho_mesa_rosado,2020,993248
vinho_mesa_branco,2020,5115133
vinho_frizante,2020,2557585
vinho_organico,2020,10718
vinho_especial,2020,0
vinho_especial_tinto,2020,0
vinho_especial_rosado,2020,0
vinho_especial_branco,2020,0
espumantes_,2020,22610762
espumante_moscatel,2020,9298571
espumante,2020,13311450
espumante_organico,2020,742
suco_de_uvas,2020,144889668
suco_natural,2020,114453657
suco_adocado,2020,0
suco_reprocessado,2020,22066742
suco_organico,2020,553391
outros_sucos,2020,7815879
suco_de_uvas_concentrado,2020,22422414
nan,2020,26547242
outros_outros_vinhos__sem_informdetalhada,2020,192057
outros_agrin,2020,0
outros_aguardente,2020,866
outros_alcool_vinico,2020,6640
outros_bagaceira,2020,7610
outros_base_champenoise,2020,8772
outros_base_charmat,2020,123
outros_base_espumante,2020,23703
outros_bebida,2020,354511
outros_borra_liqwuida,2020,22975
outros_borra_seca,2020,146260
outros_brandy,2020,7966
outros_cooler,2020,6260381
outros_coquetel,2020,205664
outros_destilado,2020,200
outros_filtrado_doce,2020,2415338
outros_jeropiga,2020,1267
outros_mistelas,2020,1201
outros_mosto_concentrado,2020,0
outros_mosto_uva,2020,48044
outros_mosto_sulfitado,2020,0
outros_nectar,2020,3319597
outros_outros_produtos,2020,2543754
outros_polpa,2020,1129453
outros_preparado_liquido,2020,11366
outros_refrigerante,2020,144945
outros_sangria,2020,11017
outros_vinagre_balsamico,2020,248771
outros_vinagre_duplo,2020,1075579
outros_vinagre_simples,2020,6049584
outros_vinho_acetificado,2020,1879227
outros_vinho_base,2020,0
outros_vinho_composto,2020,63625
outros_vinho_licoroso,2020,362340
outros_vinho_leve,2020,396
outros_vinho_gaseificado,2020,4012
vinho_de_mesa,2021,210012238
vinho_mesa_tinto,2021,185653678
vinho_mesa_rosado,2021,1931606
vinho_mesa_branco,2021,22426954
vinho__fino_de_mesa,2021,27080445
vinho_mesa_tinto,2021,19337862
vinho_mesa_rosado,2021,1603537
vinho_mesa_branco,2021,6139046
vinho_frizante,2021,3696762
vinho_organico,2021,18686
vinho_especial,2021,0
vinho_especial_tinto,2021,0
vinho_especial_rosado,2021,0
vinho_especial_branco,2021,0
espumantes_,2021,31242697
espumante_moscatel,2021,12240059
espumante,2021,19001999
espumante_organico,2021,639
suco_de_uvas,2021,147753321
suco_natural,2021,115173833
suco_adocado,2021,0
suco_reprocessado,2021,26136089
suco_organico,2021,902299
outros_sucos,2021,5541100
suco_de_uvas_concentrado,2021,26730942
nan,2021,26657930
outros_outros_vinhos__sem_informdetalhada,2021,17618
outros_agrin,2021,0
outros_aguardente,2021,0
outros_alcool_vinico,2021,0
outros_bagaceira,2021,7676
outros_base_champenoise,2021,9580
outros_base_charmat,2021,4230
outros_base_espumante,2021,49734
outros_bebida,2021,324298
outros_borra_liqwuida,2021,935
outros_borra_seca,2021,414100
outros_brandy,2021,7311
outros_cooler,2021,6107943
outros_coquetel,2021,244184
outros_destilado,2021,175
outros_filtrado_doce,2021,2430821
outros_jeropiga,2021,1763
outros_mistelas,2021,9075
outros_mosto_concentrado,2021,0
outros_mosto_uva,2021,803171
outros_mosto_sulfitado,2021,0
outros_nectar,2021,4021229
outros_outros_produtos,2021,2105686
outros_polpa,2021,1002033
outros_preparado_liquido,2021,23455
outros_refrigerante,2021,175954
outros_sangria,2021,17222
outros_vinagre_balsamico,2021,332217
outros_vinagre_duplo,2021,795060
outros_vinagre_simples,2021,5647166
outros_vinho_acetificado,2021,1448086
outros_vinho_base,2021,0
outros_vinho_composto,2021,227116
outros_vinho_licoroso,2021,376597
outros_vinho_leve,2021,0
outros_vinho_gaseificado,2021,53495
vinho_de_mesa,2022,187939996
vinho_mesa_tinto,2022,165067340
vinho_mesa_rosado,2022,2213723
vinho_mesa_branco,2022,20658933
vinho__fino_de_mesa,2022,21533487
vinho_mesa_tinto,2022,15258778
vinho_mesa_rosado,2022,1318396
vinho_mesa_branco,2022,4956314
vinho_frizante,2022,2875864
vinho_organico,2022,14947
vinho_especial,2022,0
vinho_especial_tinto,2022,0
vinho_especial_rosado,2022,0
vinho_especial_branco,2022,0
espumantes_,2022,29525942
espumante_moscatel,2022,12204315
espumante,2022,17321031
espumante_organico,2022,597
suco_de_uvas,2022,157125036
suco_natural,2022,115394795
suco_adocado,2022,0
suco_reprocessado,2022,35139154
suco_organico,2022,1002685
outros_sucos,2022,5588403
suco_de_uvas_concentrado,2022,33632834
nan,2022,31704382
outros_outros_vinhos__sem_informdetalhada,2022,8812
outros_agrin,2022,0
outros_aguardente,2022,0
outros_alcool_vinico,2022,0
outros_bagaceira,2022,5594
outros_base_champenoise,2022,60958
outros_base_charmat,2022,226901
outros_base_espumante,2022,720603
outros_bebida,2022,139943
outros_borra_liqwuida,2022,49840
outros_borra_seca,2022,122525
outros_brandy,2022,4407
outros_cooler,2022,4505384
outros_coquetel,2022,292420
outros_destilado,2022,33
outros_filtrado_doce,2022,2339403
outros_jeropiga,2022,1392
outros_mistelas,2022,4080
outros_mosto_concentrado,2022,0
outros_mosto_uva,2022,1579638
outros_mosto_sulfitado,2022,0
outros_nectar,2022,4719055
outros_outros_produtos,2022,7406812
outros_polpa,2022,1058011
outros_preparado_liquido,2022,19711
outros_refrigerante,2022,265026
outros_sangria,2022,95605
outros_vinagre_balsamico,2022,296664
outros_vinagre_duplo,2022,987142
outros_vinagre_simples,2022,5309881
outros_vinho_acetificado,2022,1052563
outros_vinho_base,2022,0
outros_vinho_composto,2022,32000
outros_vinho_licoroso,2022,385006
outros_vinho_leve,2022,27
outros_vinho_gaseificado,2022,14947
vinho_de_mesa,2023,187016848
vinho_mesa_tinto,2023,165097539
vinho_mesa_rosado,2023,2520748
vinho_mesa_branco,2023,19398561
vinho__fino_de_mesa,2023,18589310
vinho_mesa_tinto,2023,12450606
vinho_mesa_rosado,2023,1214583
vinho_mesa_branco,2023,4924121
vinho_frizante,2023,2843600
vinho_organico,2023,9123
vinho_especial,2023,0
vinho_especial_tinto,2023,0
vinho_especial_rosado,2023,0
vinho_especial_branco,2023,0
espumantes_,2023,29381635
espumante_moscatel,2023,9771698
espumante,2023,19609379
espumante_organico,2023,558
suco_de_uvas,2023,166708720
suco_natural,2023,129419407
suco_adocado,2023,128599
suco_reprocessado,2023,34402925
suco_organico,2023,932154
outros_sucos,2023,1825635
suco_de_uvas_concentrado,2023,37852507
nan,2023,29889342
outros_outros_vinhos__sem_informdetalhada,2023,8152
outros_agrin,2023,0
outros_aguardente,2023,111
outros_alcool_vinico,2023,0
outros_bagaceira,2023,0
outros_base_champenoise,2023,66290
outros_base_charmat,2023,184040
outros_base_espumante,2023,722984
outros_bebida,2023,16780
outros_borra_liqwuida,2023,72600
outros_borra_seca,2023,53220
outros_brandy,2023,4506
outros_cooler,2023,4321881
outros_coquetel,2023,397156
outros_destilado,2023,245
outros_filtrado_doce,2023,2366601
outros_jeropiga,2023,346
outros_mistelas,2023,1668
outros_mosto_concentrado,2023,0
outros_mosto_uva,2023,359626
outros_mosto_sulfitado,2023,0
outros_nectar,2023,3604413
outros_outros_produtos,2023,7459271
outros_polpa,2023,1331651
outros_preparado_liquido,2023,17178
outros_refrigerante,2023,501876
outros_sangria,2023,84157
outros_vinagre_balsamico,2023,338926
outros_vinagre_duplo,2023,1769130
outros_vinagre_simples,2023,5047280
outros_vinho_acetificado,2023,194020
outros_vinho_base,2023,0
outros_vinho_composto,2023,981
outros_vinho_licoroso,2023,421974
outros_vinho_leve,2023,132064
outros_vinho_gaseificado,2023,410215
