pais,ano,quantidade_kg,quantidade_dolar
africa_do_sul,1970,0,0.0
alemanha,1970,52297,30498.0
argelia,1970,0,0.0
arabia_saudita,1970,0,0.0
argentina,1970,19525,12260.0
armenia,1970,0,0.0
australia,1970,0,0.0
austria,1970,1328,707.0
bermudas,1970,0,nan
belgica,1970,0,0.0
bolivia,1970,0,0.0
bosnia_herzegovina,1970,0,0.0
brasil,1970,0,0.0
bulgaria,1970,0,0.0
canada,1970,0,0.0
chile,1970,162370,101819.0
china,1970,0,0.0
coreia_do_sul_republica,1970,0,0.0
croacia,1970,0,0.0
cuba,1970,0,0.0
emirados_arabes_unidos,1970,0,0.0
eslovenia,1970,0,0.0
eslovaquia,1970,0,0.0
espanha,1970,261126,90159.0
estados_unidos,1970,0,0.0
franca,1970,91544,78135.0
georgia,1970,0,0.0
georgia_do_sul_e_sandwich_do_sul_ilhas,1970,0,0.0
grecia,1970,0,0.0
hong_kong,1970,0,0.0
hungria,1970,0,0.0
indonesia,1970,0,0.0
irlanda,1970,0,0.0
israel,1970,0,0.0
italia,1970,58802,32376.0
japao,1970,0,0.0
iugoslavia,1970,702,326.0
libano,1970,0,0.0
luxemburgo,1970,0,0.0
macedonia,1970,0,0.0
marrocos,1970,0,0.0
mexico,1970,0,0.0
moldavia,1970,0,0.0
montenegro,1970,0,0.0
noruega,1970,0,0.0
nova_zelandia,1970,0,0.0
paises_baixos_holanda,1970,0,0.0
panama,1970,0,0.0
peru,1970,0,0.0
porto_rico,1970,0,0.0
portugal,1970,785609,531480.0
reino_unido,1970,0,0.0
republica_dominicana,1970,0,0.0
romenia,1970,0,0.0
russia,1970,0,0.0
san_marino,1970,0,0.0
servia,1970,0,0.0
siria,1970,0,0.0
suazilandia,1970,0,0.0
suica,1970,0,0.0
tcheca_republica,1970,0,0.0
tunisia,1970,0,0.0
turquia,1970,0,0.0
ucrania,1970,0,0.0
uruguai,1970,5767,1871.0
nao_consta_na_tabela,1970,0,0.0
nao_declarados,1970,0,0.0
outros,1970,5508,4255.0
africa_do_sul,1971,0,0
alemanha,1971,34606,26027
argelia,1971,0,0
arabia_saudita,1971,0,0
argentina,1971,24942,15022
armenia,1971,0,0
australia,1971,0,0
austria,1971,0,0
bermudas,1971,0,0
belgica,1971,0,0
bolivia,1971,0,0
bosnia_herzegovina,1971,0,0
brasil,1971,0,0
bulgaria,1971,0,0
canada,1971,0,0
chile,1971,74406,52240
china,1971,0,0
coreia_do_sul_republica,1971,0,0
croacia,1971,0,0
cuba,1971,0,0
emirados_arabes_unidos,1971,0,0
eslovenia,1971,0,0
eslovaquia,1971,0,0
espanha,1971,140507,50191
estados_unidos,1971,915,190
franca,1971,88714,72978
georgia,1971,0,0
georgia_do_sul_e_sandwich_do_sul_ilhas,1971,0,0
grecia,1971,0,0
hong_kong,1971,0,0
hungria,1971,0,0
indonesia,1971,0,0
irlanda,1971,0,0
israel,1971,0,0
italia,1971,108409,56377
japao,1971,0,0
iugoslavia,1971,640,375
libano,1971,0,0
luxemburgo,1971,0,0
macedonia,1971,0,0
marrocos,1971,0,0
mexico,1971,0,0
moldavia,1971,0,0
montenegro,1971,0,0
noruega,1971,0,0
nova_zelandia,1971,0,0
paises_baixos_holanda,1971,0,0
panama,1971,0,0
peru,1971,0,0
porto_rico,1971,0,0
portugal,1971,897310,620790
reino_unido,1971,0,0
republica_dominicana,1971,0,0
romenia,1971,0,0
russia,1971,0,0
san_marino,1971,0,0
servia,1971,0,0
siria,1971,0,0
suazilandia,1971,0,0
suica,1971,0,0
tcheca_republica,1971,0,0
tunisia,1971,0,0
turquia,1971,0,0
ucrania,1971,0,0
uruguai,1971,1917,636
nao_consta_na_tabela,1971,0,0
nao_declarados,1971,0,0
outros,1971,77789,42028
africa_do_sul,1972,0,0
alemanha,1972,134438,92103
argelia,1972,0,0
arabia_saudita,1972,0,0
argentina,1972,104906,58137
armenia,1972,0,0
australia,1972,0,0
austria,1972,353,520
bermudas,1972,0,0
belgica,1972,0,0
bolivia,1972,0,0
bosnia_herzegovina,1972,0,0
brasil,1972,0,0
bulgaria,1972,0,0
canada,1972,0,0
chile,1972,161736,95654
china,1972,0,0
coreia_do_sul_republica,1972,0,0
croacia,1972,0,0
cuba,1972,0,0
emirados_arabes_unidos,1972,0,0
eslovenia,1972,0,0
eslovaquia,1972,0,0
espanha,1972,300582,116710
estados_unidos,1972,2156,1337
franca,1972,176688,173001
georgia,1972,0,0
georgia_do_sul_e_sandwich_do_sul_ilhas,1972,0,0
grecia,1972,0,0
hong_kong,1972,0,0
hungria,1972,0,0
indonesia,1972,0,0
irlanda,1972,0,0
israel,1972,0,0
italia,1972,142196,96943
japao,1972,0,0
iugoslavia,1972,1824,1137
libano,1972,0,0
luxemburgo,1972,0,0
macedonia,1972,0,0
marrocos,1972,0,0
mexico,1972,0,0
moldavia,1972,0,0
montenegro,1972,0,0
noruega,1972,0,0
nova_zelandia,1972,0,0
paises_baixos_holanda,1972,0,0
panama,1972,0,0
peru,1972,0,0
porto_rico,1972,0,0
portugal,1972,1650727,1226232
reino_unido,1972,0,0
republica_dominicana,1972,0,0
romenia,1972,0,0
russia,1972,0,0
san_marino,1972,0,0
servia,1972,0,0
siria,1972,0,0
suazilandia,1972,0,0
suica,1972,0,0
tcheca_republica,1972,0,0
tunisia,1972,0,0
turquia,1972,0,0
ucrania,1972,0,0
uruguai,1972,7394,2741
nao_consta_na_tabela,1972,0,0
nao_declarados,1972,0,0
outros,1972,79052,25032
africa_do_sul,1973,0,0
alemanha,1973,111523,98638
argelia,1973,0,0
arabia_saudita,1973,0,0
argentina,1973,116887,76121
armenia,1973,0,0
australia,1973,0,0
austria,1973,2310,2081
bermudas,1973,0,0
belgica,1973,0,0
bolivia,1973,0,0
bosnia_herzegovina,1973,0,0
brasil,1973,0,0
bulgaria,1973,0,0
canada,1973,0,0
chile,1973,301559,212140
china,1973,0,0
coreia_do_sul_republica,1973,0,0
croacia,1973,0,0
cuba,1973,0,0
emirados_arabes_unidos,1973,0,0
eslovenia,1973,0,0
eslovaquia,1973,0,0
espanha,1973,226805,117135
estados_unidos,1973,0,0
franca,1973,259060,435641
georgia,1973,0,0
georgia_do_sul_e_sandwich_do_sul_ilhas,1973,0,0
grecia,1973,0,0
hong_kong,1973,0,0
hungria,1973,0,0
indonesia,1973,0,0
irlanda,1973,0,0
israel,1973,0,0
italia,1973,258754,186334
japao,1973,0,0
iugoslavia,1973,1251,813
libano,1973,0,0
luxemburgo,1973,0,0
macedonia,1973,0,0
marrocos,1973,0,0
mexico,1973,0,0
moldavia,1973,0,0
montenegro,1973,0,0
noruega,1973,0,0
nova_zelandia,1973,0,0
paises_baixos_holanda,1973,0,0
panama,1973,0,0
peru,1973,0,0
porto_rico,1973,0,0
portugal,1973,2818320,2238637
reino_unido,1973,0,0
republica_dominicana,1973,0,0
romenia,1973,0,0
russia,1973,0,0
san_marino,1973,0,0
servia,1973,0,0
siria,1973,0,0
suazilandia,1973,0,0
suica,1973,0,0
tcheca_republica,1973,0,0
tunisia,1973,0,0
turquia,1973,0,0
ucrania,1973,0,0
uruguai,1973,0,0
nao_consta_na_tabela,1973,0,0
nao_declarados,1973,0,0
outros,1973,4306,5775
africa_do_sul,1974,0,0
alemanha,1974,219173,202502
argelia,1974,0,0
arabia_saudita,1974,0,0
argentina,1974,215930,167473
armenia,1974,0,0
australia,1974,0,0
austria,1974,5301,7394
bermudas,1974,0,0
belgica,1974,0,0
bolivia,1974,0,0
bosnia_herzegovina,1974,0,0
brasil,1974,0,0
bulgaria,1974,0,0
canada,1974,0,0
chile,1974,550691,429885
china,1974,0,0
coreia_do_sul_republica,1974,0,0
croacia,1974,0,0
cuba,1974,0,0
emirados_arabes_unidos,1974,0,0
eslovenia,1974,0,0
eslovaquia,1974,0,0
espanha,1974,362577,215208
estados_unidos,1974,0,0
franca,1974,316584,465175
georgia,1974,0,0
georgia_do_sul_e_sandwich_do_sul_ilhas,1974,0,0
grecia,1974,0,0
hong_kong,1974,0,0
hungria,1974,0,0
indonesia,1974,0,0
irlanda,1974,0,0
israel,1974,0,0
italia,1974,305763,278089
japao,1974,0,0
iugoslavia,1974,2520,1804
libano,1974,0,0
luxemburgo,1974,0,0
macedonia,1974,0,0
marrocos,1974,0,0
mexico,1974,0,0
moldavia,1974,0,0
montenegro,1974,0,0
noruega,1974,0,0
nova_zelandia,1974,0,0
paises_baixos_holanda,1974,0,0
panama,1974,0,0
peru,1974,0,0
porto_rico,1974,0,0
portugal,1974,2245288,1917710
reino_unido,1974,0,0
republica_dominicana,1974,0,0
romenia,1974,0,0
russia,1974,0,0
san_marino,1974,0,0
servia,1974,0,0
siria,1974,0,0
suazilandia,1974,0,0
suica,1974,0,0
tcheca_republica,1974,0,0
tunisia,1974,0,0
turquia,1974,0,0
ucrania,1974,0,0
uruguai,1974,0,0
nao_consta_na_tabela,1974,0,0
nao_declarados,1974,0,0
outros,1974,21501,28163
africa_do_sul,1975,0,0
alemanha,1975,134354,149931
argelia,1975,0,0
arabia_saudita,1975,0,0
argentina,1975,145823,90855
armenia,1975,0,0
australia,1975,0,0
austria,1975,8835,5560
bermudas,1975,0,0
belgica,1975,0,0
bolivia,1975,0,0
bosnia_herzegovina,1975,0,0
brasil,1975,0,0
bulgaria,1975,0,0
canada,1975,0,0
chile,1975,952233,764780
china,1975,0,0
coreia_do_sul_republica,1975,0,0
croacia,1975,0,0
cuba,1975,0,0
emirados_arabes_unidos,1975,0,0
eslovenia,1975,0,0
eslovaquia,1975,0,0
espanha,1975,174608,123102
estados_unidos,1975,965,3761
franca,1975,191546,278746
georgia,1975,0,0
georgia_do_sul_e_sandwich_do_sul_ilhas,1975,0,0
grecia,1975,0,0
hong_kong,1975,0,0
hungria,1975,0,0
indonesia,1975,0,0
irlanda,1975,0,0
israel,1975,0,0
italia,1975,250541,244731
japao,1975,0,0
iugoslavia,1975,7969,5128
libano,1975,0,0
luxemburgo,1975,0,0
macedonia,1975,0,0
marrocos,1975,0,0
mexico,1975,0,0
moldavia,1975,0,0
montenegro,1975,0,0
noruega,1975,0,0
nova_zelandia,1975,0,0
paises_baixos_holanda,1975,0,0
panama,1975,0,0
peru,1975,0,0
porto_rico,1975,0,0
portugal,1975,2192004,1838430
reino_unido,1975,0,0
republica_dominicana,1975,0,0
romenia,1975,0,0
russia,1975,0,0
san_marino,1975,0,0
servia,1975,0,0
siria,1975,0,0
suazilandia,1975,0,0
suica,1975,0,0
tcheca_republica,1975,0,0
tunisia,1975,0,0
turquia,1975,0,0
ucrania,1975,0,0
uruguai,1975,0,0
nao_consta_na_tabela,1975,0,0
nao_declarados,1975,0,0
outros,1975,18132,13989
africa_do_sul,1976,0,0
alemanha,1976,168134,171308
argelia,1976,0,0
arabia_saudita,1976,0,0
argentina,1976,348653,277507
armenia,1976,0,0
australia,1976,0,0
austria,1976,0,0
bermudas,1976,0,0
belgica,1976,0,0
bolivia,1976,0,0
bosnia_herzegovina,1976,0,0
brasil,1976,0,0
bulgaria,1976,0,0
canada,1976,0,0
chile,1976,2175650,1574474
china,1976,0,0
coreia_do_sul_republica,1976,0,0
croacia,1976,0,0
cuba,1976,0,0
emirados_arabes_unidos,1976,0,0
eslovenia,1976,0,0
eslovaquia,1976,0,0
espanha,1976,52474,41000
estados_unidos,1976,1800,2575
franca,1976,284613,423696
georgia,1976,0,0
georgia_do_sul_e_sandwich_do_sul_ilhas,1976,0,0
grecia,1976,0,0
hong_kong,1976,0,0
hungria,1976,0,0
indonesia,1976,0,0
irlanda,1976,0,0
israel,1976,0,0
italia,1976,304377,276633
japao,1976,0,0
iugoslavia,1976,2100,1870
libano,1976,0,0
luxemburgo,1976,0,0
macedonia,1976,0,0
marrocos,1976,0,0
mexico,1976,0,0
moldavia,1976,0,0
montenegro,1976,0,0
noruega,1976,0,0
nova_zelandia,1976,0,0
paises_baixos_holanda,1976,0,0
panama,1976,0,0
peru,1976,0,0
porto_rico,1976,0,0
portugal,1976,2284423,1872573
reino_unido,1976,0,0
republica_dominicana,1976,0,0
romenia,1976,0,0
russia,1976,0,0
san_marino,1976,0,0
servia,1976,0,0
siria,1976,0,0
suazilandia,1976,0,0
suica,1976,0,0
tcheca_republica,1976,0,0
tunisia,1976,0,0
turquia,1976,0,0
ucrania,1976,0,0
uruguai,1976,0,0
nao_consta_na_tabela,1976,0,0
nao_declarados,1976,0,0
outros,1976,10200,7884
africa_do_sul,1977,0,0
alemanha,1977,160926,201840
argelia,1977,0,0
arabia_saudita,1977,0,0
argentina,1977,408399,395615
armenia,1977,0,0
australia,1977,0,0
austria,1977,0,0
bermudas,1977,0,0
belgica,1977,0,0
bolivia,1977,0,0
bosnia_herzegovina,1977,0,0
brasil,1977,0,0
bulgaria,1977,0,0
canada,1977,0,0
chile,1977,2593464,1962448
china,1977,0,0
coreia_do_sul_republica,1977,0,0
croacia,1977,0,0
cuba,1977,0,0
emirados_arabes_unidos,1977,0,0
eslovenia,1977,0,0
eslovaquia,1977,0,0
espanha,1977,105667,98238
estados_unidos,1977,2250,3275
franca,1977,322033,476983
georgia,1977,0,0
georgia_do_sul_e_sandwich_do_sul_ilhas,1977,0,0
grecia,1977,0,0
hong_kong,1977,0,0
hungria,1977,0,0
indonesia,1977,0,0
irlanda,1977,0,0
israel,1977,0,0
italia,1977,348461,349392
japao,1977,0,0
iugoslavia,1977,1764,1570
libano,1977,0,0
luxemburgo,1977,0,0
macedonia,1977,0,0
marrocos,1977,0,0
mexico,1977,0,0
moldavia,1977,0,0
montenegro,1977,0,0
noruega,1977,0,0
nova_zelandia,1977,0,0
paises_baixos_holanda,1977,0,0
panama,1977,0,0
peru,1977,0,0
porto_rico,1977,0,0
portugal,1977,2132582,1847604
reino_unido,1977,0,0
republica_dominicana,1977,0,0
romenia,1977,0,0
russia,1977,0,0
san_marino,1977,0,0
servia,1977,0,0
siria,1977,0,0
suazilandia,1977,0,0
suica,1977,0,0
tcheca_republica,1977,0,0
tunisia,1977,0,0
turquia,1977,0,0
ucrania,1977,0,0
uruguai,1977,24191,33975
nao_consta_na_tabela,1977,0,0
nao_declarados,1977,0,0
outros,1977,450,642
africa_do_sul,1978,0,0
alemanha,1978,437831,668631
argelia,1978,0,0
arabia_saudita,1978,0,0
argentina,1978,614134,709813
armenia,1978,0,0
australia,1978,0,0
austria,1978,600,386
bermudas,1978,0,0
belgica,1978,0,0
bolivia,1978,0,0
bosnia_herzegovina,1978,0,0
brasil,1978,0,0
bulgaria,1978,0,0
canada,1978,0,0
chile,1978,3742918,3415769
china,1978,0,0
coreia_do_sul_republica,1978,0,0
croacia,1978,0,0
cuba,1978,0,0
emirados_arabes_unidos,1978,0,0
eslovenia,1978,0,0
eslovaquia,1978,0,0
espanha,1978,87767,75364
estados_unidos,1978,58050,67752
franca,1978,355292,633098
georgia,1978,0,0
georgia_do_sul_e_sandwich_do_sul_ilhas,1978,0,0
grecia,1978,0,0
hong_kong,1978,0,0
hungria,1978,0,0
indonesia,1978,0,0
irlanda,1978,0,0
israel,1978,0,0
italia,1978,250535,268114
japao,1978,0,0
iugoslavia,1978,1764,1630
libano,1978,0,0
luxemburgo,1978,0,0
macedonia,1978,0,0
marrocos,1978,0,0
mexico,1978,0,0
moldavia,1978,0,0
montenegro,1978,0,0
noruega,1978,0,0
nova_zelandia,1978,0,0
paises_baixos_holanda,1978,0,0
panama,1978,0,0
peru,1978,0,0
porto_rico,1978,0,0
portugal,1978,2763298,2706030
reino_unido,1978,0,0
republica_dominicana,1978,0,0
romenia,1978,0,0
russia,1978,0,0
san_marino,1978,0,0
servia,1978,0,0
siria,1978,0,0
suazilandia,1978,0,0
suica,1978,0,0
tcheca_republica,1978,0,0
tunisia,1978,0,0
turquia,1978,0,0
ucrania,1978,0,0
uruguai,1978,32371,33900
nao_consta_na_tabela,1978,0,0
nao_declarados,1978,0,0
outros,1978,1347,1210
africa_do_sul,1979,0,0
alemanha,1979,433478,691404
argelia,1979,0,0
arabia_saudita,1979,0,0
argentina,1979,646978,888941
armenia,1979,0,0
australia,1979,0,0
austria,1979,4250,3756
bermudas,1979,0,0
belgica,1979,0,0
bolivia,1979,0,0
bosnia_herzegovina,1979,0,0
brasil,1979,0,0
bulgaria,1979,0,0
canada,1979,0,0
chile,1979,4235991,4315227
china,1979,0,0
coreia_do_sul_republica,1979,0,0
croacia,1979,0,0
cuba,1979,0,0
emirados_arabes_unidos,1979,0,0
eslovenia,1979,0,0
eslovaquia,1979,0,0
espanha,1979,103825,92476
estados_unidos,1979,32400,36360
franca,1979,458369,795004
georgia,1979,0,0
georgia_do_sul_e_sandwich_do_sul_ilhas,1979,0,0
grecia,1979,0,0
hong_kong,1979,0,0
hungria,1979,0,0
indonesia,1979,0,0
irlanda,1979,0,0
israel,1979,0,0
italia,1979,407274,562726
japao,1979,0,0
iugoslavia,1979,2100,2050
libano,1979,0,0
luxemburgo,1979,0,0
macedonia,1979,0,0
marrocos,1979,0,0
mexico,1979,0,0
moldavia,1979,0,0
montenegro,1979,0,0
noruega,1979,0,0
nova_zelandia,1979,0,0
paises_baixos_holanda,1979,0,0
panama,1979,0,0
peru,1979,0,0
porto_rico,1979,0,0
portugal,1979,2823760,3493450
reino_unido,1979,0,0
republica_dominicana,1979,0,0
romenia,1979,0,0
russia,1979,0,0
san_marino,1979,0,0
servia,1979,0,0
siria,1979,0,0
suazilandia,1979,0,0
suica,1979,0,0
tcheca_republica,1979,0,0
tunisia,1979,0,0
turquia,1979,0,0
ucrania,1979,0,0
uruguai,1979,13320,22900
nao_consta_na_tabela,1979,0,0
nao_declarados,1979,0,0
outros,1979,2411,2614
africa_do_sul,1980,0,0
alemanha,1980,457033,704307
argelia,1980,0,0
arabia_saudita,1980,0,0
argentina,1980,298471,479464
armenia,1980,0,0
australia,1980,0,0
austria,1980,2385,5878
bermudas,1980,0,0
belgica,1980,0,0
bolivia,1980,0,0
bosnia_herzegovina,1980,0,0
brasil,1980,0,0
bulgaria,1980,0,0
canada,1980,0,0
chile,1980,2568586,3199365
china,1980,0,0
coreia_do_sul_republica,1980,0,0
croacia,1980,0,0
cuba,1980,0,0
emirados_arabes_unidos,1980,0,0
eslovenia,1980,0,0
eslovaquia,1980,0,0
espanha,1980,111381,109277
estados_unidos,1980,32400,36720
franca,1980,248038,508338
georgia,1980,0,0
georgia_do_sul_e_sandwich_do_sul_ilhas,1980,0,0
grecia,1980,0,0
hong_kong,1980,0,0
hungria,1980,0,0
indonesia,1980,0,0
irlanda,1980,0,0
israel,1980,0,0
italia,1980,217226,283635
japao,1980,0,0
iugoslavia,1980,0,0
libano,1980,0,0
luxemburgo,1980,0,0
macedonia,1980,0,0
marrocos,1980,0,0
mexico,1980,0,0
moldavia,1980,0,0
montenegro,1980,0,0
noruega,1980,0,0
nova_zelandia,1980,0,0
paises_baixos_holanda,1980,0,0
panama,1980,0,0
peru,1980,0,0
porto_rico,1980,0,0
portugal,1980,1601931,2146952
reino_unido,1980,0,0
republica_dominicana,1980,0,0
romenia,1980,0,0
russia,1980,0,0
san_marino,1980,0,0
servia,1980,0,0
siria,1980,0,0
suazilandia,1980,0,0
suica,1980,0,0
tcheca_republica,1980,0,0
tunisia,1980,0,0
turquia,1980,0,0
ucrania,1980,0,0
uruguai,1980,8880,16800
nao_consta_na_tabela,1980,0,0
nao_declarados,1980,0,0
outros,1980,10446,10543
africa_do_sul,1981,0,0
alemanha,1981,707194,853830
argelia,1981,0,0
arabia_saudita,1981,0,0
argentina,1981,131738,209173
armenia,1981,0,0
australia,1981,0,0
austria,1981,0,0
bermudas,1981,0,0
belgica,1981,0,0
bolivia,1981,0,0
bosnia_herzegovina,1981,0,0
brasil,1981,0,0
bulgaria,1981,0,0
canada,1981,0,0
chile,1981,1647720,2344875
china,1981,0,0
coreia_do_sul_republica,1981,0,0
croacia,1981,0,0
cuba,1981,0,0
emirados_arabes_unidos,1981,0,0
eslovenia,1981,0,0
eslovaquia,1981,0,0
espanha,1981,56316,59696
estados_unidos,1981,28350,33443
franca,1981,303063,479427
georgia,1981,0,0
georgia_do_sul_e_sandwich_do_sul_ilhas,1981,0,0
grecia,1981,0,0
hong_kong,1981,0,0
hungria,1981,0,0
indonesia,1981,0,0
irlanda,1981,0,0
israel,1981,0,0
italia,1981,178772,222760
japao,1981,0,0
iugoslavia,1981,0,0
libano,1981,0,0
luxemburgo,1981,0,0
macedonia,1981,0,0
marrocos,1981,0,0
mexico,1981,0,0
moldavia,1981,0,0
montenegro,1981,0,0
noruega,1981,0,0
nova_zelandia,1981,0,0
paises_baixos_holanda,1981,0,0
panama,1981,0,0
peru,1981,0,0
porto_rico,1981,0,0
portugal,1981,933906,1271300
reino_unido,1981,0,0
republica_dominicana,1981,0,0
romenia,1981,0,0
russia,1981,0,0
san_marino,1981,0,0
servia,1981,0,0
siria,1981,0,0
suazilandia,1981,0,0
suica,1981,0,0
tcheca_republica,1981,0,0
tunisia,1981,0,0
turquia,1981,0,0
ucrania,1981,0,0
uruguai,1981,0,0
nao_consta_na_tabela,1981,0,0
nao_declarados,1981,0,0
outros,1981,17133,17869
africa_do_sul,1982,0,0
alemanha,1982,996948,1126928
argelia,1982,0,0
arabia_saudita,1982,0,0
argentina,1982,191972,264487
armenia,1982,0,0
australia,1982,0,0
austria,1982,0,0
bermudas,1982,0,0
belgica,1982,0,0
bolivia,1982,0,0
bosnia_herzegovina,1982,0,0
brasil,1982,0,0
bulgaria,1982,0,0
canada,1982,0,0
chile,1982,786016,1124272
china,1982,0,0
coreia_do_sul_republica,1982,0,0
croacia,1982,0,0
cuba,1982,0,0
emirados_arabes_unidos,1982,0,0
eslovenia,1982,0,0
eslovaquia,1982,0,0
espanha,1982,119748,104790
estados_unidos,1982,40563,52983
franca,1982,313977,424752
georgia,1982,0,0
georgia_do_sul_e_sandwich_do_sul_ilhas,1982,0,0
grecia,1982,0,0
hong_kong,1982,0,0
hungria,1982,0,0
indonesia,1982,0,0
irlanda,1982,0,0
israel,1982,0,0
italia,1982,284440,322430
japao,1982,0,0
iugoslavia,1982,1350,1650
libano,1982,0,0
luxemburgo,1982,0,0
macedonia,1982,0,0
marrocos,1982,0,0
mexico,1982,0,0
moldavia,1982,0,0
montenegro,1982,0,0
noruega,1982,0,0
nova_zelandia,1982,0,0
paises_baixos_holanda,1982,0,0
panama,1982,0,0
peru,1982,0,0
porto_rico,1982,0,0
portugal,1982,1074983,1258983
reino_unido,1982,0,0
republica_dominicana,1982,0,0
romenia,1982,0,0
russia,1982,0,0
san_marino,1982,0,0
servia,1982,0,0
siria,1982,0,0
suazilandia,1982,0,0
suica,1982,0,0
tcheca_republica,1982,0,0
tunisia,1982,0,0
turquia,1982,0,0
ucrania,1982,0,0
uruguai,1982,0,0
nao_consta_na_tabela,1982,0,0
nao_declarados,1982,0,0
outros,1982,22104,30505
africa_do_sul,1983,0,0
alemanha,1983,850055,908380
argelia,1983,0,0
arabia_saudita,1983,0,0
argentina,1983,132634,188625
armenia,1983,0,0
australia,1983,0,0
austria,1983,8400,7581
bermudas,1983,0,0
belgica,1983,0,0
bolivia,1983,0,0
bosnia_herzegovina,1983,0,0
brasil,1983,0,0
bulgaria,1983,0,0
canada,1983,0,0
chile,1983,598657,781217
china,1983,0,0
coreia_do_sul_republica,1983,0,0
croacia,1983,0,0
cuba,1983,0,0
emirados_arabes_unidos,1983,0,0
eslovenia,1983,0,0
eslovaquia,1983,0,0
espanha,1983,65961,60450
estados_unidos,1983,21654,24570
franca,1983,267008,329128
georgia,1983,0,0
georgia_do_sul_e_sandwich_do_sul_ilhas,1983,0,0
grecia,1983,0,0
hong_kong,1983,0,0
hungria,1983,0,0
indonesia,1983,0,0
irlanda,1983,0,0
israel,1983,0,0
italia,1983,266333,308260
japao,1983,0,0
iugoslavia,1983,0,0
libano,1983,0,0
luxemburgo,1983,0,0
macedonia,1983,0,0
marrocos,1983,0,0
mexico,1983,0,0
moldavia,1983,0,0
montenegro,1983,0,0
noruega,1983,0,0
nova_zelandia,1983,0,0
paises_baixos_holanda,1983,0,0
panama,1983,0,0
peru,1983,0,0
porto_rico,1983,0,0
portugal,1983,1189656,1338370
reino_unido,1983,0,0
republica_dominicana,1983,0,0
romenia,1983,0,0
russia,1983,0,0
san_marino,1983,0,0
servia,1983,0,0
siria,1983,0,0
suazilandia,1983,0,0
suica,1983,0,0
tcheca_republica,1983,0,0
tunisia,1983,0,0
turquia,1983,0,0
ucrania,1983,0,0
uruguai,1983,0,0
nao_consta_na_tabela,1983,0,0
nao_declarados,1983,0,0
outros,1983,6738,5862
africa_do_sul,1984,0,0
alemanha,1984,586645,564129
argelia,1984,0,0
arabia_saudita,1984,0,0
argentina,1984,42438,64603
armenia,1984,0,0
australia,1984,0,0
austria,1984,0,0
bermudas,1984,0,0
belgica,1984,0,0
bolivia,1984,0,0
bosnia_herzegovina,1984,0,0
brasil,1984,0,0
bulgaria,1984,0,0
canada,1984,0,0
chile,1984,490217,527176
china,1984,0,0
coreia_do_sul_republica,1984,0,0
croacia,1984,0,0
cuba,1984,0,0
emirados_arabes_unidos,1984,0,0
eslovenia,1984,0,0
eslovaquia,1984,0,0
espanha,1984,7200,8421
estados_unidos,1984,0,0
franca,1984,117087,138156
georgia,1984,0,0
georgia_do_sul_e_sandwich_do_sul_ilhas,1984,0,0
grecia,1984,0,0
hong_kong,1984,0,0
hungria,1984,0,0
indonesia,1984,0,0
irlanda,1984,0,0
israel,1984,0,0
italia,1984,132321,141201
japao,1984,0,0
iugoslavia,1984,0,0
libano,1984,0,0
luxemburgo,1984,0,0
macedonia,1984,0,0
marrocos,1984,0,0
mexico,1984,0,0
moldavia,1984,0,0
montenegro,1984,0,0
noruega,1984,0,0
nova_zelandia,1984,0,0
paises_baixos_holanda,1984,0,0
panama,1984,0,0
peru,1984,0,0
porto_rico,1984,0,0
portugal,1984,536706,531515
reino_unido,1984,0,0
republica_dominicana,1984,0,0
romenia,1984,0,0
russia,1984,0,0
san_marino,1984,0,0
servia,1984,0,0
siria,1984,0,0
suazilandia,1984,0,0
suica,1984,0,0
tcheca_republica,1984,0,0
tunisia,1984,0,0
turquia,1984,0,0
ucrania,1984,0,0
uruguai,1984,0,0
nao_consta_na_tabela,1984,0,0
nao_declarados,1984,0,0
outros,1984,26490,34499
africa_do_sul,1985,0,0
alemanha,1985,1069717,1122438
argelia,1985,0,0
arabia_saudita,1985,0,0
argentina,1985,114570,164424
armenia,1985,0,0
australia,1985,0,0
austria,1985,11830,5016
bermudas,1985,0,0
belgica,1985,0,0
bolivia,1985,0,0
bosnia_herzegovina,1985,0,0
brasil,1985,0,0
bulgaria,1985,0,0
canada,1985,0,0
chile,1985,1114665,1195151
china,1985,0,0
coreia_do_sul_republica,1985,0,0
croacia,1985,0,0
cuba,1985,0,0
emirados_arabes_unidos,1985,0,0
eslovenia,1985,0,0
eslovaquia,1985,0,0
espanha,1985,61924,59833
estados_unidos,1985,11025,15805
franca,1985,540136,735516
georgia,1985,0,0
georgia_do_sul_e_sandwich_do_sul_ilhas,1985,0,0
grecia,1985,0,0
hong_kong,1985,0,0
hungria,1985,0,0
indonesia,1985,0,0
irlanda,1985,0,0
israel,1985,0,0
italia,1985,327976,385365
japao,1985,0,0
iugoslavia,1985,14238,11619
libano,1985,0,0
luxemburgo,1985,0,0
macedonia,1985,0,0
marrocos,1985,0,0
mexico,1985,0,0
moldavia,1985,0,0
montenegro,1985,0,0
noruega,1985,0,0
nova_zelandia,1985,0,0
paises_baixos_holanda,1985,0,0
panama,1985,0,0
peru,1985,0,0
porto_rico,1985,0,0
portugal,1985,1484998,1406897
reino_unido,1985,0,0
republica_dominicana,1985,0,0
romenia,1985,0,0
russia,1985,0,0
san_marino,1985,0,0
servia,1985,0,0
siria,1985,0,0
suazilandia,1985,0,0
suica,1985,0,0
tcheca_republica,1985,0,0
tunisia,1985,0,0
turquia,1985,0,0
ucrania,1985,0,0
uruguai,1985,0,0
nao_consta_na_tabela,1985,0,0
nao_declarados,1985,0,0
outros,1985,5400,12812
africa_do_sul,1986,0,0
alemanha,1986,2357113,3008737
argelia,1986,0,0
arabia_saudita,1986,0,0
argentina,1986,170413,242678
armenia,1986,0,0
australia,1986,0,0
austria,1986,1740,3508
bermudas,1986,0,0
belgica,1986,0,0
bolivia,1986,0,0
bosnia_herzegovina,1986,0,0
brasil,1986,0,0
bulgaria,1986,0,0
canada,1986,0,0
chile,1986,1347894,1416109
china,1986,0,0
coreia_do_sul_republica,1986,0,0
croacia,1986,0,0
cuba,1986,0,0
emirados_arabes_unidos,1986,0,0
eslovenia,1986,0,0
eslovaquia,1986,0,0
espanha,1986,52429,61130
estados_unidos,1986,5796,9218
franca,1986,625421,980754
georgia,1986,0,0
georgia_do_sul_e_sandwich_do_sul_ilhas,1986,0,0
grecia,1986,0,0
hong_kong,1986,0,0
hungria,1986,0,0
indonesia,1986,0,0
irlanda,1986,0,0
israel,1986,0,0
italia,1986,430029,601494
japao,1986,0,0
iugoslavia,1986,0,0
libano,1986,0,0
luxemburgo,1986,0,0
macedonia,1986,0,0
marrocos,1986,0,0
mexico,1986,0,0
moldavia,1986,0,0
montenegro,1986,0,0
noruega,1986,0,0
nova_zelandia,1986,0,0
paises_baixos_holanda,1986,0,0
panama,1986,0,0
peru,1986,0,0
porto_rico,1986,0,0
portugal,1986,2270772,2258643
reino_unido,1986,0,0
republica_dominicana,1986,0,0
romenia,1986,0,0
russia,1986,0,0
san_marino,1986,0,0
servia,1986,0,0
siria,1986,0,0
suazilandia,1986,0,0
suica,1986,0,0
tcheca_republica,1986,0,0
tunisia,1986,0,0
turquia,1986,0,0
ucrania,1986,0,0
uruguai,1986,0,0
nao_consta_na_tabela,1986,0,0
nao_declarados,1986,0,0
outros,1986,15717,18768
africa_do_sul,1987,0,0
alemanha,1987,1307519,1863924
argelia,1987,0,0
arabia_saudita,1987,0,0
argentina,1987,98854,136841
armenia,1987,0,0
australia,1987,0,0
austria,1987,2520,7650
bermudas,1987,0,0
belgica,1987,0,0
bolivia,1987,0,0
bosnia_herzegovina,1987,0,0
brasil,1987,0,0
bulgaria,1987,0,0
canada,1987,0,0
chile,1987,914549,1008445
china,1987,0,0
coreia_do_sul_republica,1987,0,0
croacia,1987,0,0
cuba,1987,0,0
emirados_arabes_unidos,1987,0,0
eslovenia,1987,0,0
eslovaquia,1987,0,0
espanha,1987,71472,101606
estados_unidos,1987,16517,17965
franca,1987,340250,653846
georgia,1987,0,0
georgia_do_sul_e_sandwich_do_sul_ilhas,1987,0,0
grecia,1987,0,0
hong_kong,1987,0,0
hungria,1987,0,0
indonesia,1987,0,0
irlanda,1987,0,0
israel,1987,0,0
italia,1987,306950,467597
japao,1987,0,0
iugoslavia,1987,17835,14390
libano,1987,0,0
luxemburgo,1987,0,0
macedonia,1987,0,0
marrocos,1987,0,0
mexico,1987,0,0
moldavia,1987,0,0
montenegro,1987,0,0
noruega,1987,0,0
nova_zelandia,1987,0,0
paises_baixos_holanda,1987,0,0
panama,1987,0,0
peru,1987,0,0
porto_rico,1987,0,0
portugal,1987,1477093,1610041
reino_unido,1987,0,0
republica_dominicana,1987,0,0
romenia,1987,0,0
russia,1987,0,0
san_marino,1987,0,0
servia,1987,0,0
siria,1987,0,0
suazilandia,1987,0,0
suica,1987,0,0
tcheca_republica,1987,0,0
tunisia,1987,0,0
turquia,1987,0,0
ucrania,1987,0,0
uruguai,1987,0,0
nao_consta_na_tabela,1987,0,0
nao_declarados,1987,0,0
outros,1987,28,40
africa_do_sul,1988,0,0
alemanha,1988,2029271,2757417
argelia,1988,0,0
arabia_saudita,1988,0,0
argentina,1988,414931,590758
armenia,1988,0,0
australia,1988,0,0
austria,1988,1800,7045
bermudas,1988,0,0
belgica,1988,0,0
bolivia,1988,0,0
bosnia_herzegovina,1988,0,0
brasil,1988,0,0
bulgaria,1988,0,0
canada,1988,0,0
chile,1988,1240065,1474473
china,1988,0,0
coreia_do_sul_republica,1988,0,0
croacia,1988,0,0
cuba,1988,0,0
emirados_arabes_unidos,1988,0,0
eslovenia,1988,0,0
eslovaquia,1988,0,0
espanha,1988,67339,108259
estados_unidos,1988,6120,7880
franca,1988,435573,724549
georgia,1988,0,0
georgia_do_sul_e_sandwich_do_sul_ilhas,1988,0,0
grecia,1988,0,0
hong_kong,1988,0,0
hungria,1988,0,0
indonesia,1988,0,0
irlanda,1988,0,0
israel,1988,0,0
italia,1988,410419,703116
japao,1988,0,0
iugoslavia,1988,20160,17700
libano,1988,0,0
luxemburgo,1988,0,0
macedonia,1988,0,0
marrocos,1988,0,0
mexico,1988,0,0
moldavia,1988,0,0
montenegro,1988,0,0
noruega,1988,0,0
nova_zelandia,1988,0,0
paises_baixos_holanda,1988,0,0
panama,1988,0,0
peru,1988,0,0
porto_rico,1988,0,0
portugal,1988,1454323,1884873
reino_unido,1988,0,0
republica_dominicana,1988,0,0
romenia,1988,0,0
russia,1988,0,0
san_marino,1988,0,0
servia,1988,0,0
siria,1988,0,0
suazilandia,1988,0,0
suica,1988,0,0
tcheca_republica,1988,0,0
tunisia,1988,0,0
turquia,1988,0,0
ucrania,1988,0,0
uruguai,1988,0,0
nao_consta_na_tabela,1988,0,0
nao_declarados,1988,0,0
outros,1988,435,450
africa_do_sul,1989,0,0
alemanha,1989,2885143,4074739
argelia,1989,0,0
arabia_saudita,1989,0,0
argentina,1989,716062,1153585
armenia,1989,0,0
australia,1989,0,0
austria,1989,0,0
bermudas,1989,0,0
belgica,1989,0,0
bolivia,1989,0,0
bosnia_herzegovina,1989,0,0
brasil,1989,0,0
bulgaria,1989,0,0
canada,1989,0,0
chile,1989,2020687,2675722
china,1989,0,0
coreia_do_sul_republica,1989,0,0
croacia,1989,0,0
cuba,1989,0,0
emirados_arabes_unidos,1989,0,0
eslovenia,1989,0,0
eslovaquia,1989,0,0
espanha,1989,54954,130171
estados_unidos,1989,14400,53390
franca,1989,701300,1422973
georgia,1989,0,0
georgia_do_sul_e_sandwich_do_sul_ilhas,1989,0,0
grecia,1989,0,0
hong_kong,1989,0,0
hungria,1989,0,0
indonesia,1989,0,0
irlanda,1989,0,0
israel,1989,0,0
italia,1989,750290,1341632
japao,1989,0,0
iugoslavia,1989,17100,19150
libano,1989,0,0
luxemburgo,1989,0,0
macedonia,1989,0,0
marrocos,1989,0,0
mexico,1989,0,0
moldavia,1989,0,0
montenegro,1989,0,0
noruega,1989,0,0
nova_zelandia,1989,0,0
paises_baixos_holanda,1989,0,0
panama,1989,0,0
peru,1989,0,0
porto_rico,1989,0,0
portugal,1989,1690391,2924935
reino_unido,1989,0,0
republica_dominicana,1989,0,0
romenia,1989,0,0
russia,1989,0,0
san_marino,1989,0,0
servia,1989,0,0
siria,1989,0,0
suazilandia,1989,0,0
suica,1989,0,0
tcheca_republica,1989,0,0
tunisia,1989,0,0
turquia,1989,0,0
ucrania,1989,0,0
uruguai,1989,0,0
nao_consta_na_tabela,1989,0,0
nao_declarados,1989,0,0
outros,1989,10788,21458
africa_do_sul,1990,0,0
alemanha,1990,3342223,5875679
argelia,1990,0,0
arabia_saudita,1990,0,0
argentina,1990,455774,721398
armenia,1990,0,0
australia,1990,0,0
austria,1990,0,0
bermudas,1990,0,0
belgica,1990,0,0
bolivia,1990,0,0
bosnia_herzegovina,1990,0,0
brasil,1990,0,0
bulgaria,1990,0,0
canada,1990,0,0
chile,1990,1530497,2034195
china,1990,0,0
coreia_do_sul_republica,1990,0,0
croacia,1990,0,0
cuba,1990,0,0
emirados_arabes_unidos,1990,0,0
eslovenia,1990,0,0
eslovaquia,1990,0,0
espanha,1990,132157,503357
estados_unidos,1990,27900,142509
franca,1990,479460,1807082
georgia,1990,0,0
georgia_do_sul_e_sandwich_do_sul_ilhas,1990,0,0
grecia,1990,0,0
hong_kong,1990,0,0
hungria,1990,0,0
indonesia,1990,0,0
irlanda,1990,0,0
israel,1990,0,0
italia,1990,497616,1284638
japao,1990,0,0
iugoslavia,1990,38640,44100
libano,1990,0,0
luxemburgo,1990,0,0
macedonia,1990,0,0
marrocos,1990,0,0
mexico,1990,0,0
moldavia,1990,0,0
montenegro,1990,0,0
noruega,1990,0,0
nova_zelandia,1990,0,0
paises_baixos_holanda,1990,0,0
panama,1990,0,0
peru,1990,0,0
porto_rico,1990,0,0
portugal,1990,1423882,2793037
reino_unido,1990,0,0
republica_dominicana,1990,0,0
romenia,1990,0,0
russia,1990,0,0
san_marino,1990,0,0
servia,1990,0,0
siria,1990,0,0
suazilandia,1990,0,0
suica,1990,0,0
tcheca_republica,1990,0,0
tunisia,1990,0,0
turquia,1990,0,0
ucrania,1990,0,0
uruguai,1990,0,0
nao_consta_na_tabela,1990,0,0
nao_declarados,1990,0,0
outros,1990,65835,145083
africa_do_sul,1991,0,0
alemanha,1991,3096425,4545305
argelia,1991,0,0
arabia_saudita,1991,0,0
argentina,1991,852441,1493649
armenia,1991,0,0
australia,1991,0,0
austria,1991,6180,21658
bermudas,1991,0,0
belgica,1991,0,0
bolivia,1991,0,0
bosnia_herzegovina,1991,0,0
brasil,1991,0,0
bulgaria,1991,0,0
canada,1991,0,0
chile,1991,1424430,1869655
china,1991,0,0
coreia_do_sul_republica,1991,0,0
croacia,1991,0,0
cuba,1991,0,0
emirados_arabes_unidos,1991,0,0
eslovenia,1991,0,0
eslovaquia,1991,0,0
espanha,1991,52892,169698
estados_unidos,1991,25655,62170
franca,1991,503488,1870305
georgia,1991,0,0
georgia_do_sul_e_sandwich_do_sul_ilhas,1991,0,0
grecia,1991,0,0
hong_kong,1991,0,0
hungria,1991,0,0
indonesia,1991,0,0
irlanda,1991,0,0
israel,1991,0,0
italia,1991,566035,1331248
japao,1991,0,0
iugoslavia,1991,25650,31825
libano,1991,0,0
luxemburgo,1991,0,0
macedonia,1991,0,0
marrocos,1991,0,0
mexico,1991,0,0
moldavia,1991,0,0
montenegro,1991,0,0
noruega,1991,0,0
nova_zelandia,1991,0,0
paises_baixos_holanda,1991,0,0
panama,1991,0,0
peru,1991,0,0
porto_rico,1991,0,0
portugal,1991,1361858,2525520
reino_unido,1991,0,0
republica_dominicana,1991,0,0
romenia,1991,0,0
russia,1991,0,0
san_marino,1991,0,0
servia,1991,0,0
siria,1991,0,0
suazilandia,1991,0,0
suica,1991,0,0
tcheca_republica,1991,0,0
tunisia,1991,0,0
turquia,1991,0,0
ucrania,1991,0,0
uruguai,1991,0,0
nao_consta_na_tabela,1991,0,0
nao_declarados,1991,0,0
outros,1991,97662,161151
africa_do_sul,1992,0,0
alemanha,1992,2515557,3644055
argelia,1992,0,0
arabia_saudita,1992,0,0
argentina,1992,444896,815668
armenia,1992,0,0
australia,1992,0,0
austria,1992,0,0
bermudas,1992,0,0
belgica,1992,20700,30575
bolivia,1992,0,0
bosnia_herzegovina,1992,0,0
brasil,1992,0,0
bulgaria,1992,0,0
canada,1992,0,0
chile,1992,1073114,1421889
china,1992,0,0
coreia_do_sul_republica,1992,0,0
croacia,1992,0,0
cuba,1992,0,0
emirados_arabes_unidos,1992,0,0
eslovenia,1992,0,0
eslovaquia,1992,0,0
espanha,1992,51921,144087
estados_unidos,1992,16836,44552
franca,1992,356417,888246
georgia,1992,0,0
georgia_do_sul_e_sandwich_do_sul_ilhas,1992,0,0
grecia,1992,0,0
hong_kong,1992,0,0
hungria,1992,0,0
indonesia,1992,0,0
irlanda,1992,0,0
israel,1992,0,0
italia,1992,540439,1307032
japao,1992,0,0
iugoslavia,1992,25596,31968
libano,1992,0,0
luxemburgo,1992,0,0
macedonia,1992,0,0
marrocos,1992,0,0
mexico,1992,0,0
moldavia,1992,0,0
montenegro,1992,0,0
noruega,1992,0,0
nova_zelandia,1992,0,0
paises_baixos_holanda,1992,0,0
panama,1992,0,0
peru,1992,0,0
porto_rico,1992,0,0
portugal,1992,1034446,1792170
reino_unido,1992,0,0
republica_dominicana,1992,0,0
romenia,1992,0,0
russia,1992,0,0
san_marino,1992,0,0
servia,1992,0,0
siria,1992,0,0
suazilandia,1992,0,0
suica,1992,0,0
tcheca_republica,1992,0,0
tunisia,1992,0,0
turquia,1992,0,0
ucrania,1992,0,0
uruguai,1992,11247,21795
nao_consta_na_tabela,1992,0,0
nao_declarados,1992,0,0
outros,1992,24465,59352
africa_do_sul,1993,0,0
alemanha,1993,5721360,7155615
argelia,1993,0,0
arabia_saudita,1993,0,0
argentina,1993,359542,795068
armenia,1993,0,0
australia,1993,0,0
austria,1993,3580,5128
bermudas,1993,0,0
belgica,1993,882,1391
bolivia,1993,0,0
bosnia_herzegovina,1993,0,0
brasil,1993,0,0
bulgaria,1993,0,0
canada,1993,0,0
chile,1993,1633996,2655683
china,1993,0,0
coreia_do_sul_republica,1993,0,0
croacia,1993,0,0
cuba,1993,0,0
emirados_arabes_unidos,1993,0,0
eslovenia,1993,0,0
eslovaquia,1993,0,0
espanha,1993,48534,128664
estados_unidos,1993,77914,177471
franca,1993,924323,2132215
georgia,1993,0,0
georgia_do_sul_e_sandwich_do_sul_ilhas,1993,0,0
grecia,1993,0,0
hong_kong,1993,0,0
hungria,1993,0,0
indonesia,1993,0,0
irlanda,1993,0,0
israel,1993,0,0
italia,1993,1333424,2404136
japao,1993,0,0
iugoslavia,1993,8550,10500
libano,1993,0,0
luxemburgo,1993,0,0
macedonia,1993,0,0
marrocos,1993,0,0
mexico,1993,0,0
moldavia,1993,0,0
montenegro,1993,0,0
noruega,1993,0,0
nova_zelandia,1993,0,0
paises_baixos_holanda,1993,0,0
panama,1993,0,0
peru,1993,0,0
porto_rico,1993,0,0
portugal,1993,1678448,2873315
reino_unido,1993,0,0
republica_dominicana,1993,0,0
romenia,1993,0,0
russia,1993,0,0
san_marino,1993,0,0
servia,1993,0,0
siria,1993,0,0
suazilandia,1993,0,0
suica,1993,0,0
tcheca_republica,1993,0,0
tunisia,1993,0,0
turquia,1993,0,0
ucrania,1993,0,0
uruguai,1993,33040,69221
nao_consta_na_tabela,1993,0,0
nao_declarados,1993,0,0
outros,1993,146730,412893
africa_do_sul,1994,0,0
alemanha,1994,11047710,16068528
argelia,1994,0,0
arabia_saudita,1994,0,0
argentina,1994,446315,730091
armenia,1994,0,0
australia,1994,0,0
austria,1994,910,5612
bermudas,1994,0,0
belgica,1994,0,0
bolivia,1994,0,0
bosnia_herzegovina,1994,0,0
brasil,1994,0,0
bulgaria,1994,0,0
canada,1994,0,0
chile,1994,2347724,3822138
china,1994,0,0
coreia_do_sul_republica,1994,0,0
croacia,1994,0,0
cuba,1994,0,0
emirados_arabes_unidos,1994,0,0
eslovenia,1994,0,0
eslovaquia,1994,0,0
espanha,1994,166267,362863
estados_unidos,1994,93789,212884
franca,1994,1821215,3935308
georgia,1994,0,0
georgia_do_sul_e_sandwich_do_sul_ilhas,1994,0,0
grecia,1994,0,0
hong_kong,1994,0,0
hungria,1994,0,0
indonesia,1994,0,0
irlanda,1994,0,0
israel,1994,0,0
italia,1994,2745848,5058009
japao,1994,0,0
iugoslavia,1994,25920,36000
libano,1994,0,0
luxemburgo,1994,0,0
macedonia,1994,0,0
marrocos,1994,0,0
mexico,1994,0,0
moldavia,1994,0,0
montenegro,1994,0,0
noruega,1994,0,0
nova_zelandia,1994,0,0
paises_baixos_holanda,1994,0,0
panama,1994,0,0
peru,1994,0,0
porto_rico,1994,0,0
portugal,1994,2549247,4471214
reino_unido,1994,0,0
republica_dominicana,1994,0,0
romenia,1994,0,0
russia,1994,0,0
san_marino,1994,0,0
servia,1994,0,0
siria,1994,0,0
suazilandia,1994,0,0
suica,1994,0,0
tcheca_republica,1994,0,0
tunisia,1994,0,0
turquia,1994,0,0
ucrania,1994,0,0
uruguai,1994,35219,72528
nao_consta_na_tabela,1994,0,0
nao_declarados,1994,0,0
outros,1994,174758,289230
africa_do_sul,1995,0,0
alemanha,1995,11919346,19758144
argelia,1995,0,0
arabia_saudita,1995,0,0
argentina,1995,1397904,1992083
armenia,1995,0,0
australia,1995,0,0
austria,1995,1080,6205
bermudas,1995,0,0
belgica,1995,0,0
bolivia,1995,0,0
bosnia_herzegovina,1995,0,0
brasil,1995,0,0
bulgaria,1995,0,0
canada,1995,0,0
chile,1995,2622381,4165531
china,1995,0,0
coreia_do_sul_republica,1995,0,0
croacia,1995,0,0
cuba,1995,0,0
emirados_arabes_unidos,1995,0,0
eslovenia,1995,0,0
eslovaquia,1995,0,0
espanha,1995,385466,669208
estados_unidos,1995,142331,313916
franca,1995,2043172,5026251
georgia,1995,0,0
georgia_do_sul_e_sandwich_do_sul_ilhas,1995,0,0
grecia,1995,0,0
hong_kong,1995,0,0
hungria,1995,0,0
indonesia,1995,0,0
irlanda,1995,0,0
israel,1995,0,0
italia,1995,3859353,7542440
japao,1995,0,0
iugoslavia,1995,51840,81408
libano,1995,0,0
luxemburgo,1995,0,0
macedonia,1995,0,0
marrocos,1995,0,0
mexico,1995,0,0
moldavia,1995,0,0
montenegro,1995,0,0
noruega,1995,0,0
nova_zelandia,1995,0,0
paises_baixos_holanda,1995,0,0
panama,1995,0,0
peru,1995,0,0
porto_rico,1995,0,0
portugal,1995,5442249,10703599
reino_unido,1995,0,0
republica_dominicana,1995,0,0
romenia,1995,0,0
russia,1995,0,0
san_marino,1995,0,0
servia,1995,0,0
siria,1995,0,0
suazilandia,1995,0,0
suica,1995,0,0
tcheca_republica,1995,0,0
tunisia,1995,0,0
turquia,1995,0,0
ucrania,1995,0,0
uruguai,1995,33150,73695
nao_consta_na_tabela,1995,0,0
nao_declarados,1995,0,0
outros,1995,200336,393140
africa_do_sul,1996,0,0
alemanha,1996,8680860,10629243
argelia,1996,0,0
arabia_saudita,1996,0,0
argentina,1996,779008,1438076
armenia,1996,0,0
australia,1996,0,0
austria,1996,0,0
bermudas,1996,0,0
belgica,1996,0,0
bolivia,1996,0,0
bosnia_herzegovina,1996,0,0
brasil,1996,0,0
bulgaria,1996,0,0
canada,1996,0,0
chile,1996,1964361,3273873
china,1996,0,0
coreia_do_sul_republica,1996,0,0
croacia,1996,0,0
cuba,1996,0,0
emirados_arabes_unidos,1996,0,0
eslovenia,1996,0,0
eslovaquia,1996,0,0
espanha,1996,510076,939905
estados_unidos,1996,275864,454266
franca,1996,1917908,4370132
georgia,1996,0,0
georgia_do_sul_e_sandwich_do_sul_ilhas,1996,0,0
grecia,1996,0,0
hong_kong,1996,0,0
hungria,1996,0,0
indonesia,1996,0,0
irlanda,1996,0,0
israel,1996,0,0
italia,1996,3771901,8178592
japao,1996,0,0
iugoslavia,1996,0,0
libano,1996,0,0
luxemburgo,1996,0,0
macedonia,1996,0,0
marrocos,1996,0,0
mexico,1996,0,0
moldavia,1996,0,0
montenegro,1996,0,0
noruega,1996,0,0
nova_zelandia,1996,0,0
paises_baixos_holanda,1996,0,0
panama,1996,0,0
peru,1996,0,0
porto_rico,1996,0,0
portugal,1996,4438522,9226840
reino_unido,1996,0,0
republica_dominicana,1996,0,0
romenia,1996,0,0
russia,1996,0,0
san_marino,1996,0,0
servia,1996,0,0
siria,1996,0,0
suazilandia,1996,0,0
suica,1996,0,0
tcheca_republica,1996,0,0
tunisia,1996,0,0
turquia,1996,0,0
ucrania,1996,0,0
uruguai,1996,72000,164299
nao_consta_na_tabela,1996,63755,148879
nao_declarados,1996,21185,26664
outros,1996,127039,295772
africa_do_sul,1997,0,0
alemanha,1997,4867017,5108215
argelia,1997,0,0
arabia_saudita,1997,0,0
argentina,1997,1013306,2089559
armenia,1997,0,0
australia,1997,0,0
austria,1997,4404,10594
bermudas,1997,0,0
belgica,1997,13791,95375
bolivia,1997,0,0
bosnia_herzegovina,1997,0,0
brasil,1997,0,0
bulgaria,1997,0,0
canada,1997,0,0
chile,1997,2951870,5453225
china,1997,0,0
coreia_do_sul_republica,1997,0,0
croacia,1997,0,0
cuba,1997,0,0
emirados_arabes_unidos,1997,0,0
eslovenia,1997,0,0
eslovaquia,1997,0,0
espanha,1997,352213,1142017
estados_unidos,1997,511333,1122364
franca,1997,3388528,8771794
georgia,1997,0,0
georgia_do_sul_e_sandwich_do_sul_ilhas,1997,0,0
grecia,1997,0,0
hong_kong,1997,0,0
hungria,1997,0,0
indonesia,1997,0,0
irlanda,1997,0,0
israel,1997,0,0
italia,1997,5203832,11182645
japao,1997,0,0
iugoslavia,1997,0,0
libano,1997,0,0
luxemburgo,1997,0,0
macedonia,1997,0,0
marrocos,1997,0,0
mexico,1997,0,0
moldavia,1997,0,0
montenegro,1997,0,0
noruega,1997,0,0
nova_zelandia,1997,0,0
paises_baixos_holanda,1997,0,0
panama,1997,0,0
peru,1997,0,0
porto_rico,1997,0,0
portugal,1997,5421763,12467340
reino_unido,1997,0,0
republica_dominicana,1997,0,0
romenia,1997,0,0
russia,1997,0,0
san_marino,1997,0,0
servia,1997,0,0
siria,1997,0,0
suazilandia,1997,0,0
suica,1997,0,0
tcheca_republica,1997,0,0
tunisia,1997,0,0
turquia,1997,0,0
ucrania,1997,0,0
uruguai,1997,89117,209952
nao_consta_na_tabela,1997,0,0
nao_declarados,1997,0,0
outros,1997,186470,548733
africa_do_sul,1998,0,0
alemanha,1998,3014081,4834030
argelia,1998,0,0
arabia_saudita,1998,0,0
argentina,1998,1295190,3073775
armenia,1998,0,0
australia,1998,0,0
austria,1998,8926,59378
bermudas,1998,0,0
belgica,1998,9363,40899
bolivia,1998,0,0
bosnia_herzegovina,1998,0,0
brasil,1998,0,0
bulgaria,1998,0,0
canada,1998,0,0
chile,1998,3203054,6005098
china,1998,0,0
coreia_do_sul_republica,1998,0,0
croacia,1998,0,0
cuba,1998,0,0
emirados_arabes_unidos,1998,0,0
eslovenia,1998,0,0
eslovaquia,1998,0,0
espanha,1998,370580,1328280
estados_unidos,1998,381199,885162
franca,1998,3853865,12027414
georgia,1998,0,0
georgia_do_sul_e_sandwich_do_sul_ilhas,1998,0,0
grecia,1998,0,0
hong_kong,1998,0,0
hungria,1998,0,0
indonesia,1998,0,0
irlanda,1998,0,0
israel,1998,0,0
italia,1998,5481659,12837955
japao,1998,0,0
iugoslavia,1998,0,0
libano,1998,0,0
luxemburgo,1998,0,0
macedonia,1998,0,0
marrocos,1998,0,0
mexico,1998,0,0
moldavia,1998,0,0
montenegro,1998,0,0
noruega,1998,0,0
nova_zelandia,1998,0,0
paises_baixos_holanda,1998,0,0
panama,1998,0,0
peru,1998,0,0
porto_rico,1998,0,0
portugal,1998,4656474,12314487
reino_unido,1998,0,0
republica_dominicana,1998,0,0
romenia,1998,0,0
russia,1998,0,0
san_marino,1998,0,0
servia,1998,0,0
siria,1998,0,0
suazilandia,1998,0,0
suica,1998,0,0
tcheca_republica,1998,0,0
tunisia,1998,0,0
turquia,1998,0,0
ucrania,1998,0,0
uruguai,1998,277989,525654
nao_consta_na_tabela,1998,0,0
nao_declarados,1998,0,0
outros,1998,187919,480461
africa_do_sul,1999,0,0
alemanha,1999,2576557,4539354
argelia,1999,0,0
arabia_saudita,1999,0,0
argentina,1999,2475780,5284871
armenia,1999,0,0
australia,1999,0,0
austria,1999,83930,661104
bermudas,1999,0,0
belgica,1999,5550,23433
bolivia,1999,0,0
bosnia_herzegovina,1999,0,0
brasil,1999,0,0
bulgaria,1999,0,0
canada,1999,0,0
chile,1999,4312887,8756515
china,1999,0,0
coreia_do_sul_republica,1999,0,0
croacia,1999,0,0
cuba,1999,0,0
emirados_arabes_unidos,1999,0,0
eslovenia,1999,0,0
eslovaquia,1999,0,0
espanha,1999,396453,1906389
estados_unidos,1999,674683,992353
franca,1999,3529422,10122865
georgia,1999,0,0
georgia_do_sul_e_sandwich_do_sul_ilhas,1999,0,0
grecia,1999,0,0
hong_kong,1999,0,0
hungria,1999,0,0
indonesia,1999,0,0
irlanda,1999,0,0
israel,1999,0,0
italia,1999,6187860,14604418
japao,1999,0,0
iugoslavia,1999,0,0
libano,1999,0,0
luxemburgo,1999,0,0
macedonia,1999,0,0
marrocos,1999,0,0
mexico,1999,0,0
moldavia,1999,0,0
montenegro,1999,0,0
noruega,1999,0,0
nova_zelandia,1999,0,0
paises_baixos_holanda,1999,0,0
panama,1999,0,0
peru,1999,0,0
porto_rico,1999,0,0
portugal,1999,4408133,12406498
reino_unido,1999,0,0
republica_dominicana,1999,0,0
romenia,1999,0,0
russia,1999,0,0
san_marino,1999,0,0
servia,1999,0,0
siria,1999,0,0
suazilandia,1999,0,0
suica,1999,0,0
tcheca_republica,1999,0,0
tunisia,1999,0,0
turquia,1999,0,0
ucrania,1999,0,0
uruguai,1999,1712036,2756398
nao_consta_na_tabela,1999,0,0
nao_declarados,1999,0,0
outros,1999,49646,230829
africa_do_sul,2000,0,0
alemanha,2000,1164724,1668539
argelia,2000,0,0
arabia_saudita,2000,0,0
argentina,2000,2724941,6556544
armenia,2000,0,0
australia,2000,130097,446892
austria,2000,0,0
bermudas,2000,0,0
belgica,2000,0,0
bolivia,2000,0,0
bosnia_herzegovina,2000,0,0
brasil,2000,0,0
bulgaria,2000,0,0
canada,2000,0,0
chile,2000,5559322,12096840
china,2000,0,0
coreia_do_sul_republica,2000,0,0
croacia,2000,0,0
cuba,2000,0,0
emirados_arabes_unidos,2000,0,0
eslovenia,2000,0,0
eslovaquia,2000,0,0
espanha,2000,531425,1699237
estados_unidos,2000,426442,899698
franca,2000,3431635,8467949
georgia,2000,0,0
georgia_do_sul_e_sandwich_do_sul_ilhas,2000,0,0
grecia,2000,0,0
hong_kong,2000,0,0
hungria,2000,0,0
indonesia,2000,0,0
irlanda,2000,0,0
israel,2000,0,0
italia,2000,8261193,16364713
japao,2000,0,0
iugoslavia,2000,0,0
libano,2000,0,0
luxemburgo,2000,0,0
macedonia,2000,0,0
marrocos,2000,0,0
mexico,2000,0,0
moldavia,2000,0,0
montenegro,2000,0,0
noruega,2000,0,0
nova_zelandia,2000,0,0
paises_baixos_holanda,2000,0,0
panama,2000,0,0
peru,2000,0,0
porto_rico,2000,0,0
portugal,2000,5011051,13191073
reino_unido,2000,0,0
republica_dominicana,2000,0,0
romenia,2000,0,0
russia,2000,0,0
san_marino,2000,0,0
servia,2000,0,0
siria,2000,0,0
suazilandia,2000,0,0
suica,2000,0,0
tcheca_republica,2000,0,0
tunisia,2000,0,0
turquia,2000,0,0
ucrania,2000,0,0
uruguai,2000,1961733,3616134
nao_consta_na_tabela,2000,0,0
nao_declarados,2000,0,0
outros,2000,73451,295205
africa_do_sul,2001,42661,99201
alemanha,2001,909077,1169872
argelia,2001,0,0
arabia_saudita,2001,0,0
argentina,2001,2585537,6196286
armenia,2001,0,0
australia,2001,179310,636740
austria,2001,770,0
bermudas,2001,0,0
belgica,2001,0,0
bolivia,2001,0,0
bosnia_herzegovina,2001,0,0
brasil,2001,0,0
bulgaria,2001,0,0
canada,2001,0,0
chile,2001,5160203,11122691
china,2001,0,0
coreia_do_sul_republica,2001,0,0
croacia,2001,0,0
cuba,2001,0,0
emirados_arabes_unidos,2001,0,0
eslovenia,2001,0,0
eslovaquia,2001,0,0
espanha,2001,624644,2360928
estados_unidos,2001,374590,1036201
franca,2001,3118460,7968430
georgia,2001,0,0
georgia_do_sul_e_sandwich_do_sul_ilhas,2001,0,0
grecia,2001,0,0
hong_kong,2001,0,0
hungria,2001,0,0
indonesia,2001,0,0
irlanda,2001,0,0
israel,2001,0,0
italia,2001,8113437,15592191
japao,2001,0,0
iugoslavia,2001,0,0
libano,2001,0,0
luxemburgo,2001,0,0
macedonia,2001,0,0
marrocos,2001,0,0
mexico,2001,0,0
moldavia,2001,0,0
montenegro,2001,0,0
noruega,2001,0,0
nova_zelandia,2001,0,0
paises_baixos_holanda,2001,0,0
panama,2001,0,0
peru,2001,0,0
porto_rico,2001,0,0
portugal,2001,5225372,13988909
reino_unido,2001,0,0
republica_dominicana,2001,0,0
romenia,2001,0,0
russia,2001,0,0
san_marino,2001,0,0
servia,2001,0,0
siria,2001,0,0
suazilandia,2001,0,0
suica,2001,0,0
tcheca_republica,2001,0,0
tunisia,2001,0,0
turquia,2001,0,0
ucrania,2001,0,0
uruguai,2001,1668697,3122694
nao_consta_na_tabela,2001,0,0
nao_declarados,2001,0,0
outros,2001,47256,201927
africa_do_sul,2002,32194,106317
alemanha,2002,759712,829695
argelia,2002,0,0
arabia_saudita,2002,0,0
argentina,2002,3867336,6894469
armenia,2002,0,0
australia,2002,148916,446693
austria,2002,0,0
bermudas,2002,0,0
belgica,2002,0,0
bolivia,2002,0,0
bosnia_herzegovina,2002,0,0
brasil,2002,0,0
bulgaria,2002,0,0
canada,2002,0,0
chile,2002,6200375,11626770
china,2002,0,0
coreia_do_sul_republica,2002,0,0
croacia,2002,0,0
cuba,2002,0,0
emirados_arabes_unidos,2002,0,0
eslovenia,2002,0,0
eslovaquia,2002,0,0
espanha,2002,435422,1503384
estados_unidos,2002,139693,357913
franca,2002,2355088,6060888
georgia,2002,0,0
georgia_do_sul_e_sandwich_do_sul_ilhas,2002,0,0
grecia,2002,0,0
hong_kong,2002,0,0
hungria,2002,0,0
indonesia,2002,0,0
irlanda,2002,0,0
israel,2002,0,0
italia,2002,5878763,11408242
japao,2002,0,0
iugoslavia,2002,0,0
libano,2002,0,0
luxemburgo,2002,0,0
macedonia,2002,0,0
marrocos,2002,0,0
mexico,2002,0,0
moldavia,2002,0,0
montenegro,2002,0,0
noruega,2002,0,0
nova_zelandia,2002,0,0
paises_baixos_holanda,2002,0,0
panama,2002,0,0
peru,2002,0,0
porto_rico,2002,0,0
portugal,2002,3047860,8596328
reino_unido,2002,0,0
republica_dominicana,2002,0,0
romenia,2002,0,0
russia,2002,0,0
san_marino,2002,0,0
servia,2002,0,0
siria,2002,0,0
suazilandia,2002,0,0
suica,2002,0,0
tcheca_republica,2002,0,0
tunisia,2002,0,0
turquia,2002,0,0
ucrania,2002,0,0
uruguai,2002,1247891,2082552
nao_consta_na_tabela,2002,0,0
nao_declarados,2002,0,0
outros,2002,64069,256700
africa_do_sul,2003,157239,305701
alemanha,2003,573198,629664
argelia,2003,0,0
arabia_saudita,2003,0,0
argentina,2003,5720024,9653634
armenia,2003,0,0
australia,2003,126441,344316
austria,2003,0,0
bermudas,2003,0,0
belgica,2003,0,0
bolivia,2003,0,0
bosnia_herzegovina,2003,0,0
brasil,2003,0,0
bulgaria,2003,0,0
canada,2003,0,0
chile,2003,7955549,16120955
china,2003,0,0
coreia_do_sul_republica,2003,0,0
croacia,2003,0,0
cuba,2003,0,0
emirados_arabes_unidos,2003,0,0
eslovenia,2003,0,0
eslovaquia,2003,0,0
espanha,2003,410133,1721562
estados_unidos,2003,173327,448844
franca,2003,1958362,6093629
georgia,2003,0,0
georgia_do_sul_e_sandwich_do_sul_ilhas,2003,0,0
grecia,2003,0,0
hong_kong,2003,0,0
hungria,2003,13391,39649
indonesia,2003,0,0
irlanda,2003,0,0
israel,2003,0,0
italia,2003,5237027,10545425
japao,2003,0,0
iugoslavia,2003,0,0
libano,2003,1116,8013
luxemburgo,2003,0,0
macedonia,2003,0,0
marrocos,2003,0,0
mexico,2003,0,0
moldavia,2003,0,0
montenegro,2003,0,0
noruega,2003,0,0
nova_zelandia,2003,21139,153081
paises_baixos_holanda,2003,0,0
panama,2003,0,0
peru,2003,0,0
porto_rico,2003,0,0
portugal,2003,3344190,9649346
reino_unido,2003,0,0
republica_dominicana,2003,0,0
romenia,2003,0,0
russia,2003,0,0
san_marino,2003,0,0
servia,2003,0,0
siria,2003,0,0
suazilandia,2003,0,0
suica,2003,1900,3522
tcheca_republica,2003,0,0
tunisia,2003,0,0
turquia,2003,0,0
ucrania,2003,0,0
uruguai,2003,1096094,1630471
nao_consta_na_tabela,2003,0,0
nao_declarados,2003,0,0
outros,2003,0,0
africa_do_sul,2004,303489,665101
alemanha,2004,420075,550750
argelia,2004,0,0
arabia_saudita,2004,0,0
argentina,2004,10202602,17142493
armenia,2004,0,0
australia,2004,192539,561291
austria,2004,1170,24677
bermudas,2004,0,0
belgica,2004,0,0
bolivia,2004,0,0
bosnia_herzegovina,2004,0,0
brasil,2004,2088,16212
bulgaria,2004,0,0
canada,2004,0,0
chile,2004,11134141,22521618
china,2004,0,0
coreia_do_sul_republica,2004,450,560
croacia,2004,0,0
cuba,2004,0,0
emirados_arabes_unidos,2004,0,0
eslovenia,2004,0,0
eslovaquia,2004,0,0
espanha,2004,603666,2092080
estados_unidos,2004,79531,255328
franca,2004,2092261,6201807
georgia,2004,0,0
georgia_do_sul_e_sandwich_do_sul_ilhas,2004,0,0
grecia,2004,0,0
hong_kong,2004,0,0
hungria,2004,10967,26900
indonesia,2004,0,0
irlanda,2004,0,0
israel,2004,0,0
italia,2004,6190395,12223247
japao,2004,0,0
iugoslavia,2004,0,0
libano,2004,662,2726
luxemburgo,2004,0,0
macedonia,2004,0,0
marrocos,2004,0,0
mexico,2004,0,0
moldavia,2004,0,0
montenegro,2004,0,0
noruega,2004,0,0
nova_zelandia,2004,11774,107273
paises_baixos_holanda,2004,0,0
panama,2004,0,0
peru,2004,0,0
porto_rico,2004,0,0
portugal,2004,4151101,12084110
reino_unido,2004,0,0
republica_dominicana,2004,0,0
romenia,2004,0,0
russia,2004,0,0
san_marino,2004,0,0
servia,2004,0,0
siria,2004,0,0
suazilandia,2004,0,0
suica,2004,4658,5917
tcheca_republica,2004,0,0
tunisia,2004,0,0
turquia,2004,0,0
ucrania,2004,0,0
uruguai,2004,660522,1089054
nao_consta_na_tabela,2004,0,0
nao_declarados,2004,0,0
outros,2004,0,0
africa_do_sul,2005,407413,775421
alemanha,2005,253685,382599
argelia,2005,0,0
arabia_saudita,2005,0,0
argentina,2005,10845213,21623751
armenia,2005,0,0
australia,2005,324162,901226
austria,2005,1688,17321
bermudas,2005,0,0
belgica,2005,0,0
bolivia,2005,0,0
bosnia_herzegovina,2005,0,0
brasil,2005,3007,20041
bulgaria,2005,0,0
canada,2005,0,0
chile,2005,11647128,25645333
china,2005,0,0
coreia_do_sul_republica,2005,0,0
croacia,2005,0,0
cuba,2005,0,0
emirados_arabes_unidos,2005,0,0
eslovenia,2005,0,0
eslovaquia,2005,0,0
espanha,2005,508494,2504139
estados_unidos,2005,53043,245198
franca,2005,1671209,5783702
georgia,2005,0,0
georgia_do_sul_e_sandwich_do_sul_ilhas,2005,0,0
grecia,2005,0,0
hong_kong,2005,0,0
hungria,2005,10858,53615
indonesia,2005,0,0
irlanda,2005,0,0
israel,2005,0,0
italia,2005,6010760,11300501
japao,2005,0,0
iugoslavia,2005,0,0
libano,2005,1431,12774
luxemburgo,2005,0,0
macedonia,2005,0,0
marrocos,2005,0,0
mexico,2005,0,0
moldavia,2005,0,0
montenegro,2005,0,0
noruega,2005,0,0
nova_zelandia,2005,31291,224441
paises_baixos_holanda,2005,0,0
panama,2005,0,0
peru,2005,0,0
porto_rico,2005,0,0
portugal,2005,5182827,15007625
reino_unido,2005,0,0
republica_dominicana,2005,0,0
romenia,2005,0,0
russia,2005,0,0
san_marino,2005,0,0
servia,2005,0,0
siria,2005,0,0
suazilandia,2005,0,0
suica,2005,3841,9430
tcheca_republica,2005,0,0
tunisia,2005,0,0
turquia,2005,0,0
ucrania,2005,0,0
uruguai,2005,512973,924066
nao_consta_na_tabela,2005,0,0
nao_declarados,2005,0,0
outros,2005,13970,63967
africa_do_sul,2006,358870,1164032
alemanha,2006,314749,634870
argelia,2006,0,0
arabia_saudita,2006,0,0
argentina,2006,11939727,25822840
armenia,2006,0,0
australia,2006,254407,1059677
austria,2006,1351,8359
bermudas,2006,0,0
belgica,2006,0,0
bolivia,2006,0,0
bosnia_herzegovina,2006,0,0
brasil,2006,2930,12527
bulgaria,2006,0,0
canada,2006,0,0
chile,2006,15194205,36681244
china,2006,22,496
coreia_do_sul_republica,2006,800,600
croacia,2006,0,0
cuba,2006,0,0
emirados_arabes_unidos,2006,0,0
eslovenia,2006,0,0
eslovaquia,2006,0,0
espanha,2006,971869,4288963
estados_unidos,2006,61283,355478
franca,2006,2561966,10507604
georgia,2006,0,0
georgia_do_sul_e_sandwich_do_sul_ilhas,2006,0,0
grecia,2006,670,1450
hong_kong,2006,0,0
hungria,2006,10530,54542
indonesia,2006,0,0
irlanda,2006,0,0
israel,2006,0,0
italia,2006,7983641,17018760
japao,2006,0,0
iugoslavia,2006,0,0
libano,2006,5121,10605
luxemburgo,2006,0,0
macedonia,2006,0,0
marrocos,2006,0,0
mexico,2006,0,0
moldavia,2006,0,0
montenegro,2006,0,0
noruega,2006,0,0
nova_zelandia,2006,31825,254987
paises_baixos_holanda,2006,0,0
panama,2006,0,0
peru,2006,0,0
porto_rico,2006,0,0
portugal,2006,5936299,19063151
reino_unido,2006,14909,56268
republica_dominicana,2006,0,0
romenia,2006,0,0
russia,2006,0,0
san_marino,2006,0,0
servia,2006,0,0
siria,2006,0,0
suazilandia,2006,0,0
suica,2006,4222,6018
tcheca_republica,2006,0,0
tunisia,2006,0,0
turquia,2006,0,0
ucrania,2006,0,0
uruguai,2006,715474,1439538
nao_consta_na_tabela,2006,0,0
nao_declarados,2006,0,0
outros,2006,0,0
africa_do_sul,2007,386425,1320244
alemanha,2007,234006,647626
argelia,2007,0,0
arabia_saudita,2007,0,0
argentina,2007,15621172,36160548
armenia,2007,0,0
australia,2007,363611,1583361
austria,2007,1688,35247
bermudas,2007,0,0
belgica,2007,0,0
bolivia,2007,540,1348
bosnia_herzegovina,2007,0,0
brasil,2007,3513,19633
bulgaria,2007,0,0
canada,2007,0,0
chile,2007,18845522,47680946
china,2007,459,4235
coreia_do_sul_republica,2007,0,0
croacia,2007,0,0
cuba,2007,0,0
emirados_arabes_unidos,2007,0,0
eslovenia,2007,0,0
eslovaquia,2007,0,0
espanha,2007,862045,4506858
estados_unidos,2007,79376,334204
franca,2007,2737947,14721769
georgia,2007,0,0
georgia_do_sul_e_sandwich_do_sul_ilhas,2007,0,0
grecia,2007,18110,137867
hong_kong,2007,0,0
hungria,2007,14600,82552
indonesia,2007,0,0
irlanda,2007,0,0
israel,2007,13250,27398
italia,2007,9177932,22023175
japao,2007,0,0
iugoslavia,2007,0,0
libano,2007,6768,25265
luxemburgo,2007,0,0
macedonia,2007,0,0
marrocos,2007,0,0
mexico,2007,0,0
moldavia,2007,0,0
montenegro,2007,0,0
noruega,2007,0,0
nova_zelandia,2007,47220,417276
paises_baixos_holanda,2007,0,0
panama,2007,0,0
peru,2007,0,0
porto_rico,2007,15658,14781
portugal,2007,6805601,23945522
reino_unido,2007,7056,67728
republica_dominicana,2007,0,0
romenia,2007,0,0
russia,2007,0,0
san_marino,2007,0,0
servia,2007,0,0
siria,2007,0,0
suazilandia,2007,0,0
suica,2007,0,0
tcheca_republica,2007,0,0
tunisia,2007,0,0
turquia,2007,0,0
ucrania,2007,0,0
uruguai,2007,2387225,3131899
nao_consta_na_tabela,2007,0,0
nao_declarados,2007,0,0
outros,2007,0,0
africa_do_sul,2008,315380,1151699
alemanha,2008,293935,1063825
argelia,2008,0,0
arabia_saudita,2008,0,0
argentina,2008,14417761,37382581
armenia,2008,0,0
australia,2008,215135,1248671
austria,2008,11388,73348
bermudas,2008,0,0
belgica,2008,0,0
bolivia,2008,0,0
bosnia_herzegovina,2008,0,0
brasil,2008,309,1769
bulgaria,2008,0,0
canada,2008,396,30957
chile,2008,18662626,50748373
china,2008,6858,32738
coreia_do_sul_republica,2008,0,0
croacia,2008,0,0
cuba,2008,0,0
emirados_arabes_unidos,2008,0,0
eslovenia,2008,0,0
eslovaquia,2008,0,0
espanha,2008,990697,6036397
estados_unidos,2008,65956,542331
franca,2008,2466277,16275708
georgia,2008,0,0
georgia_do_sul_e_sandwich_do_sul_ilhas,2008,0,0
grecia,2008,11034,78819
hong_kong,2008,0,0
hungria,2008,15981,90021
indonesia,2008,0,0
irlanda,2008,0,0
israel,2008,8694,41161
italia,2008,9723292,24378627
japao,2008,0,0
iugoslavia,2008,0,0
libano,2008,10270,47054
luxemburgo,2008,0,0
macedonia,2008,0,0
marrocos,2008,0,0
mexico,2008,0,0
moldavia,2008,0,0
montenegro,2008,0,0
noruega,2008,0,0
nova_zelandia,2008,58408,536625
paises_baixos_holanda,2008,0,0
panama,2008,0,0
peru,2008,0,0
porto_rico,2008,0,0
portugal,2008,6213781,23826443
reino_unido,2008,315,10257
republica_dominicana,2008,0,0
romenia,2008,0,0
russia,2008,0,0
san_marino,2008,0,0
servia,2008,0,0
siria,2008,0,0
suazilandia,2008,0,0
suica,2008,1194,5359
tcheca_republica,2008,0,0
tunisia,2008,0,0
turquia,2008,0,0
ucrania,2008,0,0
uruguai,2008,920389,2089539
nao_consta_na_tabela,2008,0,0
nao_declarados,2008,0,0
outros,2008,0,0
africa_do_sul,2009,493093,1931449
alemanha,2009,56075,291876
argelia,2009,0,0
arabia_saudita,2009,0,0
argentina,2009,13902750,38521731
armenia,2009,0,0
australia,2009,270908,998680
austria,2009,1895,12073
bermudas,2009,0,0
belgica,2009,0,0
bolivia,2009,0,0
bosnia_herzegovina,2009,0,0
brasil,2009,0,0
bulgaria,2009,0,0
canada,2009,0,0
chile,2009,22476643,61380795
china,2009,0,0
coreia_do_sul_republica,2009,0,0
croacia,2009,0,0
cuba,2009,0,0
emirados_arabes_unidos,2009,0,0
eslovenia,2009,0,0
eslovaquia,2009,0,0
espanha,2009,1119540,6224187
estados_unidos,2009,85393,702825
franca,2009,2372448,16893114
georgia,2009,0,0
georgia_do_sul_e_sandwich_do_sul_ilhas,2009,0,0
grecia,2009,52474,190076
hong_kong,2009,0,0
hungria,2009,12632,87626
indonesia,2009,0,0
irlanda,2009,0,0
israel,2009,8924,36534
italia,2009,8387908,23079424
japao,2009,0,0
iugoslavia,2009,0,0
libano,2009,5310,34971
luxemburgo,2009,0,0
macedonia,2009,0,0
marrocos,2009,0,0
mexico,2009,0,0
moldavia,2009,0,0
montenegro,2009,0,0
noruega,2009,0,0
nova_zelandia,2009,30806,302244
paises_baixos_holanda,2009,0,0
panama,2009,0,0
peru,2009,0,0
porto_rico,2009,0,0
portugal,2009,5884719,23688318
reino_unido,2009,10236,53375
republica_dominicana,2009,0,0
romenia,2009,0,0
russia,2009,0,0
san_marino,2009,0,0
servia,2009,0,0
siria,2009,0,0
suazilandia,2009,0,0
suica,2009,4860,13129
tcheca_republica,2009,0,0
tunisia,2009,0,0
turquia,2009,0,0
ucrania,2009,0,0
uruguai,2009,750343,1953390
nao_consta_na_tabela,2009,0,0
nao_declarados,2009,0,0
outros,2009,0,0
africa_do_sul,2010,966276,3600658
alemanha,2010,192661,784674
argelia,2010,0,0
arabia_saudita,2010,0,0
argentina,2010,16965266,52126581
armenia,2010,0,0
australia,2010,405271,1864846
austria,2010,2329,30075
bermudas,2010,0,0
belgica,2010,0,0
bolivia,2010,0,0
bosnia_herzegovina,2010,0,0
brasil,2010,7,232
bulgaria,2010,20997,94727
canada,2010,0,0
chile,2010,26434744,72983389
china,2010,0,0
coreia_do_sul_republica,2010,0,0
croacia,2010,0,0
cuba,2010,0,0
emirados_arabes_unidos,2010,0,0
eslovenia,2010,0,0
eslovaquia,2010,0,0
espanha,2010,1622100,8698824
estados_unidos,2010,194774,1344921
franca,2010,2799118,18778566
georgia,2010,0,0
georgia_do_sul_e_sandwich_do_sul_ilhas,2010,0,0
grecia,2010,42449,196361
hong_kong,2010,0,0
hungria,2010,15193,160961
indonesia,2010,0,0
irlanda,2010,0,0
israel,2010,15782,93252
italia,2010,11911190,28683242
japao,2010,0,0
iugoslavia,2010,0,0
libano,2010,15741,123283
luxemburgo,2010,0,0
macedonia,2010,0,0
marrocos,2010,0,0
mexico,2010,7004,63663
moldavia,2010,0,0
montenegro,2010,0,0
noruega,2010,0,0
nova_zelandia,2010,102683,947043
paises_baixos_holanda,2010,0,0
panama,2010,0,0
peru,2010,33,252
porto_rico,2010,0,0
portugal,2010,7801759,29299792
reino_unido,2010,621,22292
republica_dominicana,2010,0,0
romenia,2010,0,0
russia,2010,0,0
san_marino,2010,0,0
servia,2010,0,0
siria,2010,0,0
suazilandia,2010,0,0
suica,2010,2483,8010
tcheca_republica,2010,0,0
tunisia,2010,0,0
turquia,2010,0,0
ucrania,2010,0,0
uruguai,2010,1219387,3175051
nao_consta_na_tabela,2010,0,0
nao_declarados,2010,0,0
outros,2010,0,0
africa_do_sul,2011,507509,2136394
alemanha,2011,198025,933545
argelia,2011,0,0
arabia_saudita,2011,0,0
argentina,2011,16673491,58806736
armenia,2011,0,0
australia,2011,824440,2811273
austria,2011,6357,56227
bermudas,2011,0,0
belgica,2011,0,0
bolivia,2011,0,0
bosnia_herzegovina,2011,0,0
brasil,2011,93,1164
bulgaria,2011,1097,2527
canada,2011,2322,35032
chile,2011,26642889,84952500
china,2011,0,0
coreia_do_sul_republica,2011,0,0
croacia,2011,450,12388
cuba,2011,0,0
emirados_arabes_unidos,2011,0,0
eslovenia,2011,3600,62602
eslovaquia,2011,0,0
espanha,2011,1999970,11175636
estados_unidos,2011,369806,1756901
franca,2011,3329437,22917012
georgia,2011,0,0
georgia_do_sul_e_sandwich_do_sul_ilhas,2011,0,0
grecia,2011,82207,414329
hong_kong,2011,0,0
hungria,2011,15073,256240
indonesia,2011,0,0
irlanda,2011,0,0
israel,2011,16382,68676
italia,2011,12025827,35481781
japao,2011,0,0
iugoslavia,2011,0,0
libano,2011,17685,137954
luxemburgo,2011,0,0
macedonia,2011,0,0
marrocos,2011,0,0
mexico,2011,0,0
moldavia,2011,0,0
montenegro,2011,0,0
noruega,2011,0,0
nova_zelandia,2011,151194,1267863
paises_baixos_holanda,2011,0,0
panama,2011,0,0
peru,2011,0,0
porto_rico,2011,0,0
portugal,2011,8556375,35247223
reino_unido,2011,270,6021
republica_dominicana,2011,0,0
romenia,2011,0,0
russia,2011,0,0
san_marino,2011,0,0
servia,2011,0,0
siria,2011,0,0
suazilandia,2011,0,0
suica,2011,0,0
tcheca_republica,2011,0,0
tunisia,2011,16420,37492
turquia,2011,0,0
ucrania,2011,0,0
uruguai,2011,1264306,3481552
nao_consta_na_tabela,2011,0,0
nao_declarados,2011,0,0
outros,2011,0,0
africa_do_sul,2012,722327,3041449
alemanha,2012,113243,591167
argelia,2012,0,0
arabia_saudita,2012,0,0
argentina,2012,14613839,55633562
armenia,2012,0,0
australia,2012,615334,2474783
austria,2012,8098,85116
bermudas,2012,0,0
belgica,2012,0,0
bolivia,2012,0,0
bosnia_herzegovina,2012,0,0
brasil,2012,1051,15016
bulgaria,2012,0,0
canada,2012,0,0
chile,2012,30258795,93315735
china,2012,0,0
coreia_do_sul_republica,2012,0,0
croacia,2012,630,16571
cuba,2012,0,0
emirados_arabes_unidos,2012,0,0
eslovenia,2012,433,1223
eslovaquia,2012,0,0
espanha,2012,2540209,11724946
estados_unidos,2012,379329,1995929
franca,2012,3181440,21636175
georgia,2012,0,0
georgia_do_sul_e_sandwich_do_sul_ilhas,2012,0,0
grecia,2012,68966,323206
hong_kong,2012,0,0
hungria,2012,10404,168862
indonesia,2012,0,0
irlanda,2012,0,0
israel,2012,8439,47579
italia,2012,10506144,30750897
japao,2012,0,0
iugoslavia,2012,0,0
libano,2012,5805,47826
luxemburgo,2012,0,0
macedonia,2012,0,0
marrocos,2012,450,3851
mexico,2012,0,0
moldavia,2012,0,0
montenegro,2012,0,0
noruega,2012,0,0
nova_zelandia,2012,81611,790355
paises_baixos_holanda,2012,0,0
panama,2012,0,0
peru,2012,0,0
porto_rico,2012,0,0
portugal,2012,9714940,36190898
reino_unido,2012,406,26466
republica_dominicana,2012,0,0
romenia,2012,33750,85321
russia,2012,0,0
san_marino,2012,0,0
servia,2012,0,0
siria,2012,0,0
suazilandia,2012,0,0
suica,2012,0,0
tcheca_republica,2012,0,0
tunisia,2012,19913,42918
turquia,2012,0,0
ucrania,2012,0,0
uruguai,2012,1323884,3735892
nao_consta_na_tabela,2012,0,0
nao_declarados,2012,0,0
outros,2012,0,0
africa_do_sul,2013,475331,1985184
alemanha,2013,114866,414070
argelia,2013,0,0
arabia_saudita,2013,0,0
argentina,2013,12732815,49524694
armenia,2013,0,0
australia,2013,553190,1703815
austria,2013,56849,227204
bermudas,2013,0,0
belgica,2013,0,0
bolivia,2013,0,0
bosnia_herzegovina,2013,0,0
brasil,2013,473,5747
bulgaria,2013,5947,21988
canada,2013,0,0
chile,2013,28288212,90281256
china,2013,0,0
coreia_do_sul_republica,2013,0,0
croacia,2013,0,0
cuba,2013,0,0
emirados_arabes_unidos,2013,0,0
eslovenia,2013,2192,25307
eslovaquia,2013,0,0
espanha,2013,2772104,13570874
estados_unidos,2013,518888,2817086
franca,2013,3265362,23336291
georgia,2013,33750,134202
georgia_do_sul_e_sandwich_do_sul_ilhas,2013,0,0
grecia,2013,13241,71175
hong_kong,2013,0,0
hungria,2013,10911,140198
indonesia,2013,0,0
irlanda,2013,0,0
israel,2013,24622,97645
italia,2013,8308831,30799292
japao,2013,0,0
iugoslavia,2013,0,0
libano,2013,6588,75810
luxemburgo,2013,0,0
macedonia,2013,0,0
marrocos,2013,0,0
mexico,2013,0,0
moldavia,2013,0,0
montenegro,2013,0,0
noruega,2013,0,0
nova_zelandia,2013,90728,840521
paises_baixos_holanda,2013,0,0
panama,2013,0,0
peru,2013,0,0
porto_rico,2013,0,0
portugal,2013,9299080,35729522
reino_unido,2013,127,2789
republica_dominicana,2013,0,0
romenia,2013,0,0
russia,2013,0,0
san_marino,2013,0,0
servia,2013,0,0
siria,2013,0,0
suazilandia,2013,0,0
suica,2013,0,0
tcheca_republica,2013,0,0
tunisia,2013,8000,20892
turquia,2013,0,0
ucrania,2013,0,0
uruguai,2013,1372329,3740613
nao_consta_na_tabela,2013,0,0
nao_declarados,2013,0,0
outros,2013,0,0
africa_do_sul,2014,722715,3033932
alemanha,2014,115804,483316
argelia,2014,0,0
arabia_saudita,2014,0,0
argentina,2014,13437321,53815956
armenia,2014,0,0
australia,2014,236742,1008851
austria,2014,2770,32116
bermudas,2014,0,0
belgica,2014,0,0
bolivia,2014,0,0
bosnia_herzegovina,2014,0,0
brasil,2014,449,6011
bulgaria,2014,15019,46857
canada,2014,1530,25958
chile,2014,35479279,113375484
china,2014,0,0
coreia_do_sul_republica,2014,0,0
croacia,2014,0,0
cuba,2014,0,0
emirados_arabes_unidos,2014,35,1138
eslovenia,2014,4190,23377
eslovaquia,2014,0,0
espanha,2014,2760797,12797753
estados_unidos,2014,788773,4171731
franca,2014,3592782,27480375
georgia,2014,0,0
georgia_do_sul_e_sandwich_do_sul_ilhas,2014,0,0
grecia,2014,24244,107195
hong_kong,2014,0,0
hungria,2014,18733,114610
indonesia,2014,0,0
irlanda,2014,0,0
israel,2014,7734,40372
italia,2014,8566756,31697736
japao,2014,0,0
iugoslavia,2014,0,0
libano,2014,47610,270145
luxemburgo,2014,0,0
macedonia,2014,252,497
marrocos,2014,0,0
mexico,2014,0,0
moldavia,2014,0,0
montenegro,2014,0,0
noruega,2014,0,0
nova_zelandia,2014,106251,843533
paises_baixos_holanda,2014,0,0
panama,2014,0,0
peru,2014,3201,7906
porto_rico,2014,0,0
portugal,2014,9735153,37071142
reino_unido,2014,315,9410
republica_dominicana,2014,0,0
romenia,2014,4163,5629
russia,2014,0,0
san_marino,2014,0,0
servia,2014,0,0
siria,2014,0,0
suazilandia,2014,0,0
suica,2014,0,0
tcheca_republica,2014,0,0
tunisia,2014,0,0
turquia,2014,0,0
ucrania,2014,0,0
uruguai,2014,1237537,3782282
nao_consta_na_tabela,2014,0,0
nao_declarados,2014,0,0
outros,2014,0,0
africa_do_sul,2015,743335,2996543
alemanha,2015,95171,358275
argelia,2015,0,0
arabia_saudita,2015,0,0
argentina,2015,12465041,48043201
armenia,2015,0,0
australia,2015,395030,1261810
austria,2015,360,3891
bermudas,2015,0,0
belgica,2015,0,0
bolivia,2015,0,0
bosnia_herzegovina,2015,0,0
brasil,2015,1359,12919
bulgaria,2015,17244,51678
canada,2015,0,0
chile,2015,36686870,107684380
china,2015,0,0
coreia_do_sul_republica,2015,0,0
croacia,2015,2069,3779
cuba,2015,0,0
emirados_arabes_unidos,2015,529,10093
eslovenia,2015,4640,24190
eslovaquia,2015,0,0
espanha,2015,3024533,11396855
estados_unidos,2015,775131,3848755
franca,2015,3617130,19353291
georgia,2015,0,0
georgia_do_sul_e_sandwich_do_sul_ilhas,2015,0,0
grecia,2015,55680,190185
hong_kong,2015,0,0
hungria,2015,5117,74688
indonesia,2015,0,0
irlanda,2015,0,0
israel,2015,19028,55248
italia,2015,8261383,25846195
japao,2015,0,0
iugoslavia,2015,0,0
libano,2015,6480,56196
luxemburgo,2015,0,0
macedonia,2015,0,0
marrocos,2015,1755,15082
mexico,2015,0,0
moldavia,2015,0,0
montenegro,2015,0,0
noruega,2015,0,0
nova_zelandia,2015,117340,950751
paises_baixos_holanda,2015,0,0
panama,2015,0,0
peru,2015,0,0
porto_rico,2015,0,0
portugal,2015,9952290,32547365
reino_unido,2015,90,1352
republica_dominicana,2015,0,0
romenia,2015,5950,7925
russia,2015,0,0
san_marino,2015,0,0
servia,2015,0,0
siria,2015,0,0
suazilandia,2015,0,0
suica,2015,1125,6284
tcheca_republica,2015,0,0
tunisia,2015,0,0
turquia,2015,32247,109741
ucrania,2015,0,0
uruguai,2015,1399547,4069100
nao_consta_na_tabela,2015,0,0
nao_declarados,2015,0,0
outros,2015,0,0
africa_do_sul,2016,578829,1686226
alemanha,2016,158386,606333
argelia,2016,0,43
arabia_saudita,2016,0,43
argentina,2016,14098009,45214862
armenia,2016,0,0
australia,2016,498515,1537834
austria,2016,1485,7551
bermudas,2016,0,0
belgica,2016,7,1090
bolivia,2016,0,0
bosnia_herzegovina,2016,0,0
brasil,2016,183,2127
bulgaria,2016,17777,55253
canada,2016,0,0
chile,2016,43400991,123183079
china,2016,108,213
coreia_do_sul_republica,2016,0,0
croacia,2016,0,0
cuba,2016,0,0
emirados_arabes_unidos,2016,2175,35489
eslovenia,2016,14366,46972
eslovaquia,2016,1305,3878
espanha,2016,3948614,12221512
estados_unidos,2016,725420,2924715
franca,2016,3831566,15940341
georgia,2016,0,0
georgia_do_sul_e_sandwich_do_sul_ilhas,2016,0,0
grecia,2016,6568,18637
hong_kong,2016,0,0
hungria,2016,8315,58756
indonesia,2016,0,43
irlanda,2016,0,43
israel,2016,12548,44277
italia,2016,7936409,22216811
japao,2016,0,0
iugoslavia,2016,0,0
libano,2016,10665,71374
luxemburgo,2016,0,43
macedonia,2016,0,0
marrocos,2016,0,0
mexico,2016,0,0
moldavia,2016,0,0
montenegro,2016,0,0
noruega,2016,396,253
nova_zelandia,2016,50177,361030
paises_baixos_holanda,2016,0,43
panama,2016,0,0
peru,2016,0,0
porto_rico,2016,0,0
portugal,2016,10821232,29495190
reino_unido,2016,5,255
republica_dominicana,2016,0,43
romenia,2016,0,0
russia,2016,0,43
san_marino,2016,0,0
servia,2016,0,0
siria,2016,0,0
suazilandia,2016,0,0
suica,2016,6,245
tcheca_republica,2016,0,0
tunisia,2016,0,0
turquia,2016,0,0
ucrania,2016,5319,9679
uruguai,2016,2215692,5099162
nao_consta_na_tabela,2016,0,0
nao_declarados,2016,0,0
outros,2016,0,0
africa_do_sul,2017,1138732,3241298
alemanha,2017,83289,315959
argelia,2017,0,0
arabia_saudita,2017,0,0
argentina,2017,15461740,51770842
armenia,2017,0,0
australia,2017,354641,1246545
austria,2017,2655,24629
bermudas,2017,0,0
belgica,2017,4376,45221
bolivia,2017,0,0
bosnia_herzegovina,2017,0,0
brasil,2017,845617,260135
bulgaria,2017,35284,68234
canada,2017,0,0
chile,2017,51787643,145628860
china,2017,1000,613
coreia_do_sul_republica,2017,0,0
croacia,2017,0,0
cuba,2017,0,0
emirados_arabes_unidos,2017,0,0
eslovenia,2017,0,0
eslovaquia,2017,21424,64828
espanha,2017,7240535,19834451
estados_unidos,2017,1372347,4110641
franca,2017,5921728,25280255
georgia,2017,0,0
georgia_do_sul_e_sandwich_do_sul_ilhas,2017,0,0
grecia,2017,40775,139486
hong_kong,2017,0,0
hungria,2017,23813,168353
indonesia,2017,0,0
irlanda,2017,0,0
israel,2017,37302,120463
italia,2017,11538990,33707111
japao,2017,0,0
iugoslavia,2017,0,0
libano,2017,12737,93480
luxemburgo,2017,0,0
macedonia,2017,0,0
marrocos,2017,0,0
mexico,2017,0,0
moldavia,2017,0,0
montenegro,2017,0,0
noruega,2017,5,27
nova_zelandia,2017,31379,248412
paises_baixos_holanda,2017,0,0
panama,2017,0,0
peru,2017,0,0
porto_rico,2017,0,0
portugal,2017,17345709,45032247
reino_unido,2017,16,1033
republica_dominicana,2017,0,0
romenia,2017,18509,52150
russia,2017,0,0
san_marino,2017,0,0
servia,2017,0,0
siria,2017,398,269
suazilandia,2017,0,0
suica,2017,138,2873
tcheca_republica,2017,0,0
tunisia,2017,0,0
turquia,2017,0,0
ucrania,2017,865,931
uruguai,2017,5009098,7751966
nao_consta_na_tabela,2017,0,0
nao_declarados,2017,0,0
outros,2017,0,0
africa_do_sul,2018,1127053,3574371
alemanha,2018,142971,516975
argelia,2018,0,0
arabia_saudita,2018,563,3249
argentina,2018,15221318,52817642
armenia,2018,0,0
australia,2018,3518,21664
austria,2018,513995,1567866
bermudas,2018,0,0
belgica,2018,163,1201
bolivia,2018,0,0
bosnia_herzegovina,2018,0,0
brasil,2018,18040,121806
bulgaria,2018,16166,17550
canada,2018,301,17418
chile,2018,51104825,144731210
china,2018,5,472
coreia_do_sul_republica,2018,0,0
croacia,2018,0,0
cuba,2018,0,0
emirados_arabes_unidos,2018,0,0
eslovenia,2018,20976,68521
eslovaquia,2018,10800,17938
espanha,2018,5595268,19353631
estados_unidos,2018,548655,2584781
franca,2018,4653789,22688105
georgia,2018,8164,20416
georgia_do_sul_e_sandwich_do_sul_ilhas,2018,0,0
grecia,2018,41601,135185
hong_kong,2018,0,0
hungria,2018,23742,113405
indonesia,2018,36,210
irlanda,2018,107,954
israel,2018,40354,182017
italia,2018,10154564,34857594
japao,2018,0,0
iugoslavia,2018,0,0
libano,2018,19742,150044
luxemburgo,2018,5,42
macedonia,2018,0,0
marrocos,2018,0,0
mexico,2018,134,804
moldavia,2018,0,0
montenegro,2018,0,0
noruega,2018,0,0
nova_zelandia,2018,130854,686193
paises_baixos_holanda,2018,283,8719
panama,2018,0,0
peru,2018,77,653
porto_rico,2018,47,404
portugal,2018,17698831,53237413
reino_unido,2018,4126,51034
republica_dominicana,2018,2,13
romenia,2018,13719,9695
russia,2018,17483,66160
san_marino,2018,0,0
servia,2018,0,0
siria,2018,0,0
suazilandia,2018,0,0
suica,2018,559,7647
tcheca_republica,2018,0,0
tunisia,2018,0,0
turquia,2018,1591,1245
ucrania,2018,0,0
uruguai,2018,2836574,8467846
nao_consta_na_tabela,2018,0,0
nao_declarados,2018,0,0
outros,2018,0,0
africa_do_sul,2019,1092042,3604038
alemanha,2019,101055,412794
argelia,2019,0,0
arabia_saudita,2019,0,0
argentina,2019,16548931,54527380
armenia,2019,0,0
australia,2019,16292,1214643
austria,2019,348289,128379
bermudas,2019,0,0
belgica,2019,7,30
bolivia,2019,0,0
bosnia_herzegovina,2019,0,0
brasil,2019,29295,246008
bulgaria,2019,10944,9915
canada,2019,0,0
chile,2019,52697108,145471294
china,2019,317,2458
coreia_do_sul_republica,2019,0,0
croacia,2019,450,2900
cuba,2019,0,0
emirados_arabes_unidos,2019,0,0
eslovenia,2019,30968,101190
eslovaquia,2019,459,3160
espanha,2019,5797980,17111436
estados_unidos,2019,534870,2400830
franca,2019,5324383,24299524
georgia,2019,21748,41161
georgia_do_sul_e_sandwich_do_sul_ilhas,2019,0,0
grecia,2019,21251,70881
hong_kong,2019,0,0
hungria,2019,34591,146500
indonesia,2019,258,1464
irlanda,2019,179,1705
israel,2019,52237,182602
italia,2019,10323254,33355982
japao,2019,153,1429
iugoslavia,2019,0,0
libano,2019,21836,167358
luxemburgo,2019,0,0
macedonia,2019,1323,874
marrocos,2019,2250,16816
mexico,2019,646,3927
moldavia,2019,0,0
montenegro,2019,1701,5440
noruega,2019,0,0
nova_zelandia,2019,133179,776830
paises_baixos_holanda,2019,634,5297
panama,2019,17,96
peru,2019,0,0
porto_rico,2019,21,115
portugal,2019,18228699,51444189
reino_unido,2019,4819,46623
republica_dominicana,2019,0,0
romenia,2019,5196,6706
russia,2019,0,0
san_marino,2019,0,0
servia,2019,0,0
siria,2019,641,409
suazilandia,2019,0,0
suica,2019,4510,63619
tcheca_republica,2019,0,0
tunisia,2019,0,0
turquia,2019,0,0
ucrania,2019,4646,3074
uruguai,2019,2778244,7938059
nao_consta_na_tabela,2019,0,0
nao_declarados,2019,0,0
outros,2019,0,0
africa_do_sul,2020,627150,1701072
alemanha,2020,136992,504168
argelia,2020,0,0
arabia_saudita,2020,0,0
argentina,2020,22610267,66322932
armenia,2020,0,0
australia,2020,212595,792051
austria,2020,6540,52348
bermudas,2020,0,0
belgica,2020,0,0
bolivia,2020,0,0
bosnia_herzegovina,2020,1218,902
brasil,2020,4347,41213
bulgaria,2020,23110,58319
canada,2020,0,0
chile,2020,72726186,176540499
china,2020,0,0
coreia_do_sul_republica,2020,0,0
croacia,2020,0,0
cuba,2020,0,0
emirados_arabes_unidos,2020,0,0
eslovenia,2020,11392,39771
eslovaquia,2020,0,0
espanha,2020,7169384,19802061
estados_unidos,2020,366584,2119234
franca,2020,5658139,24894394
georgia,2020,20274,42948
georgia_do_sul_e_sandwich_do_sul_ilhas,2020,0,0
grecia,2020,61181,219292
hong_kong,2020,311,2776
hungria,2020,5254,25250
indonesia,2020,0,0
irlanda,2020,0,0
israel,2020,38239,224349
italia,2020,9659999,32477890
japao,2020,0,0
iugoslavia,2020,0,0
libano,2020,12384,45908
luxemburgo,2020,0,0
macedonia,2020,0,0
marrocos,2020,2160,8326
mexico,2020,33,181
moldavia,2020,5832,8965
montenegro,2020,0,0
noruega,2020,0,0
nova_zelandia,2020,15372,89763
paises_baixos_holanda,2020,2285,22990
panama,2020,0,0
peru,2020,0,0
porto_rico,2020,54,1090
portugal,2020,23627260,66353572
reino_unido,2020,2586,22935
republica_dominicana,2020,0,0
romenia,2020,30635,70269
russia,2020,0,0
san_marino,2020,0,0
servia,2020,0,0
siria,2020,0,0
suazilandia,2020,0,0
suica,2020,735,5848
tcheca_republica,2020,0,0
tunisia,2020,0,0
turquia,2020,17563,55039
ucrania,2020,0,0
uruguai,2020,4079076,10146829
nao_consta_na_tabela,2020,0,0
nao_declarados,2020,0,0
outros,2020,0,0
africa_do_sul,2021,859169,2508140
alemanha,2021,106541,546967
argelia,2021,0,0
arabia_saudita,2021,2510,8761
argentina,2021,26869241,79527959
armenia,2021,0,0
australia,2021,366875,1383093
austria,2021,13427,141822
bermudas,2021,10,141
belgica,2021,0,0
bolivia,2021,0,0
bosnia_herzegovina,2021,0,0
brasil,2021,12602,39816
bulgaria,2021,34185,105623
canada,2021,0,0
chile,2021,69617587,182568098
china,2021,0,0
coreia_do_sul_republica,2021,0,0
croacia,2021,17343,78954
cuba,2021,0,0
emirados_arabes_unidos,2021,0,0
eslovenia,2021,42944,172141
eslovaquia,2021,0,0
espanha,2021,8793911,23795616
estados_unidos,2021,506405,2809649
franca,2021,6241310,31428188
georgia,2021,19188,32901
georgia_do_sul_e_sandwich_do_sul_ilhas,2021,1838,2915
grecia,2021,13619,55228
hong_kong,2021,0,0
hungria,2021,20174,160816
indonesia,2021,0,0
irlanda,2021,0,0
israel,2021,60281,298732
italia,2021,11231625,39852162
japao,2021,0,0
iugoslavia,2021,0,0
libano,2021,24194,78872
luxemburgo,2021,0,0
macedonia,2021,0,0
marrocos,2021,986,6958
mexico,2021,4,19
moldavia,2021,25998,66480
montenegro,2021,0,0
noruega,2021,0,0
nova_zelandia,2021,21995,137547
paises_baixos_holanda,2021,0,0
panama,2021,0,0
peru,2021,0,0
porto_rico,2021,0,0
portugal,2021,25925363,75668823
reino_unido,2021,1164,9357
republica_dominicana,2021,0,0
romenia,2021,33770,99562
russia,2021,32179,64905
san_marino,2021,1095,2237
servia,2021,3471,8302
siria,2021,484,1280
suazilandia,2021,0,0
suica,2021,7,157
tcheca_republica,2021,225,5528
tunisia,2021,0,0
turquia,2021,0,0
ucrania,2021,0,0
uruguai,2021,3788831,10063341
nao_consta_na_tabela,2021,0,0
nao_declarados,2021,0,0
outros,2021,0,0
africa_do_sul,2022,738116,2266827
alemanha,2022,92600,438595
argelia,2022,0,0
arabia_saudita,2022,0,0
argentina,2022,27980574,87519642
armenia,2022,2385,13668
australia,2022,579279,1590059
austria,2022,7403,53974
bermudas,2022,1,4
belgica,2022,0,0
bolivia,2022,0,0
bosnia_herzegovina,2022,0,0
brasil,2022,1,5
bulgaria,2022,29929,43221
canada,2022,884,11607
chile,2022,68881232,184335335
china,2022,0,0
coreia_do_sul_republica,2022,0,0
croacia,2022,887,35563
cuba,2022,0,0
emirados_arabes_unidos,2022,0,0
eslovenia,2022,31509,127726
eslovaquia,2022,0,0
espanha,2022,6487047,17187749
estados_unidos,2022,393211,3023220
franca,2022,4911903,25955232
georgia,2022,12506,26983
georgia_do_sul_e_sandwich_do_sul_ilhas,2022,1788,2797
grecia,2022,45440,148515
hong_kong,2022,0,0
hungria,2022,29260,160168
indonesia,2022,0,0
irlanda,2022,0,0
israel,2022,19589,82489
italia,2022,9622119,33330465
japao,2022,0,0
iugoslavia,2022,0,0
libano,2022,30149,182548
luxemburgo,2022,0,0
macedonia,2022,0,0
marrocos,2022,13932,46497
mexico,2022,0,0
moldavia,2022,38336,70282
montenegro,2022,0,0
noruega,2022,0,0
nova_zelandia,2022,52265,403597
paises_baixos_holanda,2022,0,0
panama,2022,0,0
peru,2022,17861,84084
porto_rico,2022,0,0
portugal,2022,24108787,64795326
reino_unido,2022,1655,19595
republica_dominicana,2022,0,0
romenia,2022,47715,99616
russia,2022,0,0
san_marino,2022,0,0
servia,2022,0,0
siria,2022,1094,5187
suazilandia,2022,0,0
suica,2022,0,0
tcheca_republica,2022,4950,12044
tunisia,2022,0,0
turquia,2022,22087,38817
ucrania,2022,0,0
uruguai,2022,3394161,9867675
nao_consta_na_tabela,2022,0,0
nao_declarados,2022,0,0
outros,2022,0,0
africa_do_sul,2023,522733,1732850
alemanha,2023,102456,557947
argelia,2023,0,0
arabia_saudita,2023,8,161
argentina,2023,25276991,83918138
armenia,2023,3542,24336
australia,2023,432829,1568550
austria,2023,16832,145475
bermudas,2023,6,879
belgica,2023,0,0
bolivia,2023,1170,10920
bosnia_herzegovina,2023,0,0
brasil,2023,6229,76894
bulgaria,2023,40281,95232
canada,2023,14,1062
chile,2023,62358765,170146247
china,2023,0,0
coreia_do_sul_republica,2023,0,0
croacia,2023,1107,9160
cuba,2023,8,261
emirados_arabes_unidos,2023,0,0
eslovenia,2023,28806,124283
eslovaquia,2023,0,0
espanha,2023,6591628,20097228
estados_unidos,2023,244276,1775713
franca,2023,4899631,30421272
georgia,2023,17173,29084
georgia_do_sul_e_sandwich_do_sul_ilhas,2023,0,0
grecia,2023,45889,147724
hong_kong,2023,0,0
hungria,2023,41905,316481
indonesia,2023,0,0
irlanda,2023,0,0
israel,2023,48772,259405
italia,2023,8868133,34760596
japao,2023,86,3427
iugoslavia,2023,0,0
libano,2023,14328,106610
luxemburgo,2023,0,0
macedonia,2023,8522,17172
marrocos,2023,603,2349
mexico,2023,0,0
moldavia,2023,0,0
montenegro,2023,51189,138741
noruega,2023,0,0
nova_zelandia,2023,28665,254138
paises_baixos_holanda,2023,9,354
panama,2023,0,0
peru,2023,12276,58862
porto_rico,2023,2021,4481
portugal,2023,25099409,71970948
reino_unido,2023,1808,32757
republica_dominicana,2023,0,0
romenia,2023,36775,98835
russia,2023,0,0
san_marino,2023,0,0
servia,2023,0,0
siria,2023,0,0
suazilandia,2023,320,6968
suica,2023,2109,101111
tcheca_republica,2023,0,0
tunisia,2023,0,0
turquia,2023,0,0
ucrania,2023,0,0
uruguai,2023,2905567,9276001
nao_consta_na_tabela,2023,0,0
nao_declarados,2023,0,0
outros,2023,0,0
