control,ano,quantidade_kilo
tintas,1970,284285642
tintas_bacarina,1970,82899
tintas_bailey,1970,0
tintas_bordo,1970,7242197
tintas_bourdin_s,1970,0
tintas_brscarmen,1970,0
tintas_brscora,1970,0
tintas_brs_magna,1970,0
tintas_brs_margot,1970,0
tintas_brsmorena,1970,0
tintas_brs_rubea,1970,0
tintas_brsvioleta,1970,0
tintas_brs_vitoria,1970,0
tintas_champagnon_champanheta,1970,0
tintas_colecoes,1970,0
tintas_concord,1970,5407624
tintas_concordclone30,1970,0
tintas_couderc,1970,2713692
tintas_cynthiana_1,1970,568653
tintas_herbemont,1970,62053013
tintas_iac138022,1970,0
tintas_isabel,1970,193840398
tintas_isabelprecoce,1970,0
tintas_jacquez,1970,390593
tintas_kyoko,1970,0
tintas_landot,1970,134384
tintas_mistura_de_uvas_americanas_tinto,1970,0
tintas_oberlin,1970,15682
tintas_othello,1970,33013
tintas_paco,1970,0
tintas_patricia,1970,0
tintas_seibel,1970,11803494
tintas_seibel2_seibeleto,1970,0
tintas_seyvewillard_tinta,1970,0
tintas_vênus,1970,0
brancaserosadas,1970,985007
brancaserosadas_baco,1970,4647
brancaserosadas_bokay,1970,0
brancaserosadas_brsclara,1970,0
brancaserosadas_brslorena,1970,0
brancaserosadas_couderc13,1970,0
brancaserosadas_delaware,1970,22705
brancaserosadas_donazilla,1970,0
brancaserosadas_dutchess,1970,0
brancaserosadas_goethe,1970,311458
brancaserosadas_iac,1970,0
brancaserosadas_juliana,1970,0
brancaserosadas_martha,1970,15045
brancaserosadas_mistura_de_uvas_americanas,1970,0
brancaserosadas_moscatoembrapa,1970,0
brancaserosadas_niagara,1970,631152
brancaserosadas_niagarabranca,1970,0
brancaserosadas_niagararosada,1970,0
brancaserosadas_poloske,1970,0
brancaserosadas_selecoes,1970,0
brancaserosadas_seyvevillard,1970,0
brancaserosadas_seyvevillard5276,1970,0
brancaserosadas_seyvevillard12375,1970,0
brancaserosadas_tardiadecaxias,1970,0
brancaserosadas_outras,1970,0
tintas,1971,193695427
tintas_bacarina,1971,106962
tintas_bailey,1971,0
tintas_bordo,1971,7227090
tintas_bourdin_s,1971,0
tintas_brscarmen,1971,0
tintas_brscora,1971,0
tintas_brs_magna,1971,0
tintas_brs_margot,1971,0
tintas_brsmorena,1971,0
tintas_brs_rubea,1971,0
tintas_brsvioleta,1971,0
tintas_brs_vitoria,1971,0
tintas_champagnon_champanheta,1971,0
tintas_colecoes,1971,0
tintas_concord,1971,3726469
tintas_concordclone30,1971,0
tintas_couderc,1971,2835642
tintas_cynthiana_1,1971,419550
tintas_herbemont,1971,43864620
tintas_iac138022,1971,0
tintas_isabel,1971,126754464
tintas_isabelprecoce,1971,0
tintas_jacquez,1971,203081
tintas_kyoko,1971,0
tintas_landot,1971,106917
tintas_mistura_de_uvas_americanas_tinto,1971,0
tintas_oberlin,1971,34722
tintas_othello,1971,106190
tintas_paco,1971,0
tintas_patricia,1971,0
tintas_seibel,1971,8309720
tintas_seibel2_seibeleto,1971,0
tintas_seyvewillard_tinta,1971,0
tintas_vênus,1971,0
brancaserosadas,1971,557294
brancaserosadas_baco,1971,5873
brancaserosadas_bokay,1971,0
brancaserosadas_brsclara,1971,0
brancaserosadas_brslorena,1971,0
brancaserosadas_couderc13,1971,0
brancaserosadas_delaware,1971,22883
brancaserosadas_donazilla,1971,0
brancaserosadas_dutchess,1971,0
brancaserosadas_goethe,1971,267549
brancaserosadas_iac,1971,0
brancaserosadas_juliana,1971,0
brancaserosadas_martha,1971,21972
brancaserosadas_mistura_de_uvas_americanas,1971,0
brancaserosadas_moscatoembrapa,1971,0
brancaserosadas_niagara,1971,239017
brancaserosadas_niagarabranca,1971,0
brancaserosadas_niagararosada,1971,0
brancaserosadas_poloske,1971,0
brancaserosadas_selecoes,1971,0
brancaserosadas_seyvevillard,1971,0
brancaserosadas_seyvevillard5276,1971,0
brancaserosadas_seyvevillard12375,1971,0
brancaserosadas_tardiadecaxias,1971,0
brancaserosadas_outras,1971,0
tintas,1972,187251954
tintas_bacarina,1972,67464
tintas_bailey,1972,0
tintas_bordo,1972,6530686
tintas_bourdin_s,1972,0
tintas_brscarmen,1972,0
tintas_brscora,1972,0
tintas_brs_magna,1972,0
tintas_brs_margot,1972,0
tintas_brsmorena,1972,0
tintas_brs_rubea,1972,0
tintas_brsvioleta,1972,0
tintas_brs_vitoria,1972,0
tintas_champagnon_champanheta,1972,0
tintas_colecoes,1972,0
tintas_concord,1972,2262221
tintas_concordclone30,1972,0
tintas_couderc,1972,2550812
tintas_cynthiana_1,1972,535172
tintas_herbemont,1972,45765536
tintas_iac138022,1972,0
tintas_isabel,1972,120365492
tintas_isabelprecoce,1972,0
tintas_jacquez,1972,278191
tintas_kyoko,1972,0
tintas_landot,1972,63740
tintas_mistura_de_uvas_americanas_tinto,1972,0
tintas_oberlin,1972,11136
tintas_othello,1972,34525
tintas_paco,1972,0
tintas_patricia,1972,0
tintas_seibel,1972,8786979
tintas_seibel2_seibeleto,1972,0
tintas_seyvewillard_tinta,1972,0
tintas_vênus,1972,0
brancaserosadas,1972,898576
brancaserosadas_baco,1972,5084
brancaserosadas_bokay,1972,0
brancaserosadas_brsclara,1972,0
brancaserosadas_brslorena,1972,0
brancaserosadas_couderc13,1972,0
brancaserosadas_delaware,1972,7517
brancaserosadas_donazilla,1972,0
brancaserosadas_dutchess,1972,0
brancaserosadas_goethe,1972,472553
brancaserosadas_iac,1972,0
brancaserosadas_juliana,1972,0
brancaserosadas_martha,1972,14716
brancaserosadas_mistura_de_uvas_americanas,1972,0
brancaserosadas_moscatoembrapa,1972,0
brancaserosadas_niagara,1972,253262
brancaserosadas_niagarabranca,1972,0
brancaserosadas_niagararosada,1972,0
brancaserosadas_poloske,1972,0
brancaserosadas_selecoes,1972,0
brancaserosadas_seyvevillard,1972,145444
brancaserosadas_seyvevillard5276,1972,0
brancaserosadas_seyvevillard12375,1972,0
brancaserosadas_tardiadecaxias,1972,0
brancaserosadas_outras,1972,0
tintas,1973,161593877
tintas_bacarina,1973,58690
tintas_bailey,1973,0
tintas_bordo,1973,5584243
tintas_bourdin_s,1973,0
tintas_brscarmen,1973,0
tintas_brscora,1973,0
tintas_brs_magna,1973,0
tintas_brs_margot,1973,0
tintas_brsmorena,1973,0
tintas_brs_rubea,1973,0
tintas_brsvioleta,1973,0
tintas_brs_vitoria,1973,0
tintas_champagnon_champanheta,1973,0
tintas_colecoes,1973,0
tintas_concord,1973,1850704
tintas_concordclone30,1973,0
tintas_couderc,1973,2602220
tintas_cynthiana_1,1973,360571
tintas_herbemont,1973,33214347
tintas_iac138022,1973,0
tintas_isabel,1973,109787700
tintas_isabelprecoce,1973,0
tintas_jacquez,1973,302686
tintas_kyoko,1973,0
tintas_landot,1973,80995
tintas_mistura_de_uvas_americanas_tinto,1973,0
tintas_oberlin,1973,9483
tintas_othello,1973,17358
tintas_paco,1973,0
tintas_patricia,1973,0
tintas_seibel,1973,7724880
tintas_seibel2_seibeleto,1973,0
tintas_seyvewillard_tinta,1973,0
tintas_vênus,1973,0
brancaserosadas,1973,231984
brancaserosadas_baco,1973,0
brancaserosadas_bokay,1973,0
brancaserosadas_brsclara,1973,0
brancaserosadas_brslorena,1973,0
brancaserosadas_couderc13,1973,0
brancaserosadas_delaware,1973,0
brancaserosadas_donazilla,1973,0
brancaserosadas_dutchess,1973,0
brancaserosadas_goethe,1973,113941
brancaserosadas_iac,1973,0
brancaserosadas_juliana,1973,0
brancaserosadas_martha,1973,5126
brancaserosadas_mistura_de_uvas_americanas,1973,0
brancaserosadas_moscatoembrapa,1973,0
brancaserosadas_niagara,1973,112917
brancaserosadas_niagarabranca,1973,0
brancaserosadas_niagararosada,1973,0
brancaserosadas_poloske,1973,0
brancaserosadas_selecoes,1973,0
brancaserosadas_seyvevillard,1973,0
brancaserosadas_seyvevillard5276,1973,0
brancaserosadas_seyvevillard12375,1973,0
brancaserosadas_tardiadecaxias,1973,0
brancaserosadas_outras,1973,0
tintas,1974,295404693
tintas_bacarina,1974,138158
tintas_bailey,1974,0
tintas_bordo,1974,13341412
tintas_bourdin_s,1974,0
tintas_brscarmen,1974,0
tintas_brscora,1974,0
tintas_brs_magna,1974,0
tintas_brs_margot,1974,0
tintas_brsmorena,1974,0
tintas_brs_rubea,1974,0
tintas_brsvioleta,1974,0
tintas_brs_vitoria,1974,0
tintas_champagnon_champanheta,1974,0
tintas_colecoes,1974,0
tintas_concord,1974,5218933
tintas_concordclone30,1974,0
tintas_couderc,1974,5057735
tintas_cynthiana_1,1974,605039
tintas_herbemont,1974,65865189
tintas_iac138022,1974,0
tintas_isabel,1974,191946376
tintas_isabelprecoce,1974,0
tintas_jacquez,1974,847092
tintas_kyoko,1974,0
tintas_landot,1974,103456
tintas_mistura_de_uvas_americanas_tinto,1974,0
tintas_oberlin,1974,47350
tintas_othello,1974,54730
tintas_paco,1974,0
tintas_patricia,1974,0
tintas_seibel,1974,12179223
tintas_seibel2_seibeleto,1974,0
tintas_seyvewillard_tinta,1974,0
tintas_vênus,1974,0
brancaserosadas,1974,2865338
brancaserosadas_baco,1974,0
brancaserosadas_bokay,1974,0
brancaserosadas_brsclara,1974,0
brancaserosadas_brslorena,1974,0
brancaserosadas_couderc13,1974,0
brancaserosadas_delaware,1974,0
brancaserosadas_donazilla,1974,0
brancaserosadas_dutchess,1974,0
brancaserosadas_goethe,1974,371399
brancaserosadas_iac,1974,0
brancaserosadas_juliana,1974,0
brancaserosadas_martha,1974,17486
brancaserosadas_mistura_de_uvas_americanas,1974,0
brancaserosadas_moscatoembrapa,1974,0
brancaserosadas_niagara,1974,2476453
brancaserosadas_niagarabranca,1974,0
brancaserosadas_niagararosada,1974,0
brancaserosadas_poloske,1974,0
brancaserosadas_selecoes,1974,0
brancaserosadas_seyvevillard,1974,0
brancaserosadas_seyvevillard5276,1974,0
brancaserosadas_seyvevillard12375,1974,0
brancaserosadas_tardiadecaxias,1974,0
brancaserosadas_outras,1974,0
tintas,1975,282003228
tintas_bacarina,1975,101454
tintas_bailey,1975,0
tintas_bordo,1975,16023998
tintas_bourdin_s,1975,0
tintas_brscarmen,1975,0
tintas_brscora,1975,0
tintas_brs_magna,1975,0
tintas_brs_margot,1975,0
tintas_brsmorena,1975,0
tintas_brs_rubea,1975,0
tintas_brsvioleta,1975,0
tintas_brs_vitoria,1975,0
tintas_champagnon_champanheta,1975,0
tintas_colecoes,1975,0
tintas_concord,1975,7361018
tintas_concordclone30,1975,0
tintas_couderc,1975,4052782
tintas_cynthiana_1,1975,544666
tintas_herbemont,1975,48754240
tintas_iac138022,1975,0
tintas_isabel,1975,193394592
tintas_isabelprecoce,1975,0
tintas_jacquez,1975,513846
tintas_kyoko,1975,0
tintas_landot,1975,104110
tintas_mistura_de_uvas_americanas_tinto,1975,0
tintas_oberlin,1975,17264
tintas_othello,1975,53172
tintas_paco,1975,0
tintas_patricia,1975,0
tintas_seibel,1975,11082086
tintas_seibel2_seibeleto,1975,0
tintas_seyvewillard_tinta,1975,0
tintas_vênus,1975,0
brancaserosadas,1975,2717527
brancaserosadas_baco,1975,2610
brancaserosadas_bokay,1975,0
brancaserosadas_brsclara,1975,0
brancaserosadas_brslorena,1975,0
brancaserosadas_couderc13,1975,0
brancaserosadas_delaware,1975,0
brancaserosadas_donazilla,1975,0
brancaserosadas_dutchess,1975,0
brancaserosadas_goethe,1975,280190
brancaserosadas_iac,1975,0
brancaserosadas_juliana,1975,0
brancaserosadas_martha,1975,13578
brancaserosadas_mistura_de_uvas_americanas,1975,0
brancaserosadas_moscatoembrapa,1975,0
brancaserosadas_niagara,1975,2409319
brancaserosadas_niagarabranca,1975,0
brancaserosadas_niagararosada,1975,0
brancaserosadas_poloske,1975,0
brancaserosadas_selecoes,1975,0
brancaserosadas_seyvevillard,1975,11830
brancaserosadas_seyvevillard5276,1975,0
brancaserosadas_seyvevillard12375,1975,0
brancaserosadas_tardiadecaxias,1975,0
brancaserosadas_outras,1975,0
tintas,1976,222289729
tintas_bacarina,1976,57297
tintas_bailey,1976,0
tintas_bordo,1976,12725233
tintas_bourdin_s,1976,0
tintas_brscarmen,1976,0
tintas_brscora,1976,0
tintas_brs_magna,1976,0
tintas_brs_margot,1976,0
tintas_brsmorena,1976,0
tintas_brs_rubea,1976,0
tintas_brsvioleta,1976,0
tintas_brs_vitoria,1976,0
tintas_champagnon_champanheta,1976,0
tintas_colecoes,1976,0
tintas_concord,1976,6140559
tintas_concordclone30,1976,0
tintas_couderc,1976,4084126
tintas_cynthiana_1,1976,351881
tintas_herbemont,1976,41938949
tintas_iac138022,1976,0
tintas_isabel,1976,146746340
tintas_isabelprecoce,1976,0
tintas_jacquez,1976,495973
tintas_kyoko,1976,0
tintas_landot,1976,87904
tintas_mistura_de_uvas_americanas_tinto,1976,0
tintas_oberlin,1976,10611
tintas_othello,1976,77044
tintas_paco,1976,0
tintas_patricia,1976,0
tintas_seibel,1976,9573812
tintas_seibel2_seibeleto,1976,0
tintas_seyvewillard_tinta,1976,0
tintas_vênus,1976,0
brancaserosadas,1976,1269187
brancaserosadas_baco,1976,4172
brancaserosadas_bokay,1976,0
brancaserosadas_brsclara,1976,0
brancaserosadas_brslorena,1976,0
brancaserosadas_couderc13,1976,0
brancaserosadas_delaware,1976,0
brancaserosadas_donazilla,1976,0
brancaserosadas_dutchess,1976,0
brancaserosadas_goethe,1976,228609
brancaserosadas_iac,1976,0
brancaserosadas_juliana,1976,0
brancaserosadas_martha,1976,1108
brancaserosadas_mistura_de_uvas_americanas,1976,0
brancaserosadas_moscatoembrapa,1976,0
brancaserosadas_niagara,1976,1035298
brancaserosadas_niagarabranca,1976,0
brancaserosadas_niagararosada,1976,0
brancaserosadas_poloske,1976,0
brancaserosadas_selecoes,1976,0
brancaserosadas_seyvevillard,1976,0
brancaserosadas_seyvevillard5276,1976,0
brancaserosadas_seyvevillard12375,1976,0
brancaserosadas_tardiadecaxias,1976,0
brancaserosadas_outras,1976,0
tintas,1977,272772106
tintas_bacarina,1977,0
tintas_bailey,1977,0
tintas_bordo,1977,18714617
tintas_bourdin_s,1977,0
tintas_brscarmen,1977,0
tintas_brscora,1977,0
tintas_brs_magna,1977,0
tintas_brs_margot,1977,0
tintas_brsmorena,1977,0
tintas_brs_rubea,1977,0
tintas_brsvioleta,1977,0
tintas_brs_vitoria,1977,0
tintas_champagnon_champanheta,1977,0
tintas_colecoes,1977,0
tintas_concord,1977,7387125
tintas_concordclone30,1977,0
tintas_couderc,1977,4214237
tintas_cynthiana_1,1977,738472
tintas_herbemont,1977,53226940
tintas_iac138022,1977,0
tintas_isabel,1977,175906184
tintas_isabelprecoce,1977,0
tintas_jacquez,1977,681039
tintas_kyoko,1977,0
tintas_landot,1977,62198
tintas_mistura_de_uvas_americanas_tinto,1977,0
tintas_oberlin,1977,22059
tintas_othello,1977,46765
tintas_paco,1977,0
tintas_patricia,1977,0
tintas_seibel,1977,11772470
tintas_seibel2_seibeleto,1977,0
tintas_seyvewillard_tinta,1977,0
tintas_vênus,1977,0
brancaserosadas,1977,2587615
brancaserosadas_baco,1977,13095
brancaserosadas_bokay,1977,0
brancaserosadas_brsclara,1977,0
brancaserosadas_brslorena,1977,0
brancaserosadas_couderc13,1977,0
brancaserosadas_delaware,1977,0
brancaserosadas_donazilla,1977,0
brancaserosadas_dutchess,1977,0
brancaserosadas_goethe,1977,20404
brancaserosadas_iac,1977,0
brancaserosadas_juliana,1977,0
brancaserosadas_martha,1977,921
brancaserosadas_mistura_de_uvas_americanas,1977,0
brancaserosadas_moscatoembrapa,1977,0
brancaserosadas_niagara,1977,2468965
brancaserosadas_niagarabranca,1977,0
brancaserosadas_niagararosada,1977,0
brancaserosadas_poloske,1977,0
brancaserosadas_selecoes,1977,0
brancaserosadas_seyvevillard,1977,84230
brancaserosadas_seyvevillard5276,1977,0
brancaserosadas_seyvevillard12375,1977,0
brancaserosadas_tardiadecaxias,1977,0
brancaserosadas_outras,1977,0
tintas,1978,295012354
tintas_bacarina,1978,0
tintas_bailey,1978,0
tintas_bordo,1978,22247163
tintas_bourdin_s,1978,0
tintas_brscarmen,1978,0
tintas_brscora,1978,0
tintas_brs_magna,1978,0
tintas_brs_margot,1978,0
tintas_brsmorena,1978,0
tintas_brs_rubea,1978,0
tintas_brsvioleta,1978,0
tintas_brs_vitoria,1978,0
tintas_champagnon_champanheta,1978,0
tintas_colecoes,1978,0
tintas_concord,1978,8520060
tintas_concordclone30,1978,0
tintas_couderc,1978,4406881
tintas_cynthiana_1,1978,491780
tintas_herbemont,1978,46594020
tintas_iac138022,1978,0
tintas_isabel,1978,202315021
tintas_isabelprecoce,1978,0
tintas_jacquez,1978,578872
tintas_kyoko,1978,0
tintas_landot,1978,44974
tintas_mistura_de_uvas_americanas_tinto,1978,0
tintas_oberlin,1978,13670
tintas_othello,1978,59623
tintas_paco,1978,0
tintas_patricia,1978,0
tintas_seibel,1978,9740290
tintas_seibel2_seibeleto,1978,0
tintas_seyvewillard_tinta,1978,0
tintas_vênus,1978,0
brancaserosadas,1978,3780127
brancaserosadas_baco,1978,0
brancaserosadas_bokay,1978,0
brancaserosadas_brsclara,1978,0
brancaserosadas_brslorena,1978,0
brancaserosadas_couderc13,1978,0
brancaserosadas_delaware,1978,0
brancaserosadas_donazilla,1978,0
brancaserosadas_dutchess,1978,0
brancaserosadas_goethe,1978,347450
brancaserosadas_iac,1978,0
brancaserosadas_juliana,1978,0
brancaserosadas_martha,1978,10749
brancaserosadas_mistura_de_uvas_americanas,1978,0
brancaserosadas_moscatoembrapa,1978,0
brancaserosadas_niagara,1978,3239522
brancaserosadas_niagarabranca,1978,0
brancaserosadas_niagararosada,1978,0
brancaserosadas_poloske,1978,0
brancaserosadas_selecoes,1978,0
brancaserosadas_seyvevillard,1978,182406
brancaserosadas_seyvevillard5276,1978,0
brancaserosadas_seyvevillard12375,1978,0
brancaserosadas_tardiadecaxias,1978,0
brancaserosadas_outras,1978,0
tintas,1979,301385687
tintas_bacarina,1979,29525
tintas_bailey,1979,0
tintas_bordo,1979,20061699
tintas_bourdin_s,1979,0
tintas_brscarmen,1979,0
tintas_brscora,1979,0
tintas_brs_magna,1979,0
tintas_brs_margot,1979,0
tintas_brsmorena,1979,0
tintas_brs_rubea,1979,0
tintas_brsvioleta,1979,0
tintas_brs_vitoria,1979,0
tintas_champagnon_champanheta,1979,0
tintas_colecoes,1979,0
tintas_concord,1979,9016712
tintas_concordclone30,1979,0
tintas_couderc,1979,5113513
tintas_cynthiana_1,1979,414158
tintas_herbemont,1979,60116742
tintas_iac138022,1979,0
tintas_isabel,1979,195149198
tintas_isabelprecoce,1979,0
tintas_jacquez,1979,657846
tintas_kyoko,1979,0
tintas_landot,1979,39884
tintas_mistura_de_uvas_americanas_tinto,1979,0
tintas_oberlin,1979,6207
tintas_othello,1979,3638
tintas_paco,1979,0
tintas_patricia,1979,0
tintas_seibel,1979,10776565
tintas_seibel2_seibeleto,1979,0
tintas_seyvewillard_tinta,1979,0
tintas_vênus,1979,0
brancaserosadas,1979,4786127
brancaserosadas_baco,1979,0
brancaserosadas_bokay,1979,0
brancaserosadas_brsclara,1979,0
brancaserosadas_brslorena,1979,0
brancaserosadas_couderc13,1979,0
brancaserosadas_delaware,1979,19359
brancaserosadas_donazilla,1979,0
brancaserosadas_dutchess,1979,0
brancaserosadas_goethe,1979,70345
brancaserosadas_iac,1979,0
brancaserosadas_juliana,1979,0
brancaserosadas_martha,1979,7396
brancaserosadas_mistura_de_uvas_americanas,1979,0
brancaserosadas_moscatoembrapa,1979,0
brancaserosadas_niagara,1979,3589475
brancaserosadas_niagarabranca,1979,0
brancaserosadas_niagararosada,1979,0
brancaserosadas_poloske,1979,0
brancaserosadas_selecoes,1979,0
brancaserosadas_seyvevillard,1979,1099552
brancaserosadas_seyvevillard5276,1979,0
brancaserosadas_seyvevillard12375,1979,0
brancaserosadas_tardiadecaxias,1979,0
brancaserosadas_outras,1979,0
tintas,1980,196759139
tintas_bacarina,1980,37404
tintas_bailey,1980,0
tintas_bordo,1980,16495642
tintas_bourdin_s,1980,0
tintas_brscarmen,1980,0
tintas_brscora,1980,0
tintas_brs_magna,1980,0
tintas_brs_margot,1980,0
tintas_brsmorena,1980,0
tintas_brs_rubea,1980,0
tintas_brsvioleta,1980,0
tintas_brs_vitoria,1980,0
tintas_champagnon_champanheta,1980,0
tintas_colecoes,1980,0
tintas_concord,1980,5640991
tintas_concordclone30,1980,0
tintas_couderc,1980,4431263
tintas_cynthiana_1,1980,285705
tintas_herbemont,1980,31377059
tintas_iac138022,1980,0
tintas_isabel,1980,129236559
tintas_isabelprecoce,1980,0
tintas_jacquez,1980,422025
tintas_kyoko,1980,0
tintas_landot,1980,36680
tintas_mistura_de_uvas_americanas_tinto,1980,0
tintas_oberlin,1980,1042
tintas_othello,1980,37273
tintas_paco,1980,0
tintas_patricia,1980,0
tintas_seibel,1980,8757496
tintas_seibel2_seibeleto,1980,0
tintas_seyvewillard_tinta,1980,0
tintas_vênus,1980,0
brancaserosadas,1980,4360271
brancaserosadas_baco,1980,0
brancaserosadas_bokay,1980,0
brancaserosadas_brsclara,1980,0
brancaserosadas_brslorena,1980,0
brancaserosadas_couderc13,1980,0
brancaserosadas_delaware,1980,18249
brancaserosadas_donazilla,1980,0
brancaserosadas_dutchess,1980,0
brancaserosadas_goethe,1980,16057
brancaserosadas_iac,1980,0
brancaserosadas_juliana,1980,0
brancaserosadas_martha,1980,980
brancaserosadas_mistura_de_uvas_americanas,1980,0
brancaserosadas_moscatoembrapa,1980,0
brancaserosadas_niagara,1980,4030127
brancaserosadas_niagarabranca,1980,0
brancaserosadas_niagararosada,1980,0
brancaserosadas_poloske,1980,0
brancaserosadas_selecoes,1980,0
brancaserosadas_seyvevillard,1980,294858
brancaserosadas_seyvevillard5276,1980,0
brancaserosadas_seyvevillard12375,1980,0
brancaserosadas_tardiadecaxias,1980,0
brancaserosadas_outras,1980,0
tintas,1981,290765867
tintas_bacarina,1981,37893
tintas_bailey,1981,0
tintas_bordo,1981,20525530
tintas_bourdin_s,1981,0
tintas_brscarmen,1981,0
tintas_brscora,1981,0
tintas_brs_magna,1981,0
tintas_brs_margot,1981,0
tintas_brsmorena,1981,0
tintas_brs_rubea,1981,0
tintas_brsvioleta,1981,0
tintas_brs_vitoria,1981,0
tintas_champagnon_champanheta,1981,0
tintas_colecoes,1981,0
tintas_concord,1981,10751352
tintas_concordclone30,1981,0
tintas_couderc,1981,4779453
tintas_cynthiana_1,1981,388118
tintas_herbemont,1981,48717399
tintas_iac138022,1981,0
tintas_isabel,1981,191757135
tintas_isabelprecoce,1981,0
tintas_jacquez,1981,553100
tintas_kyoko,1981,0
tintas_landot,1981,38773
tintas_mistura_de_uvas_americanas_tinto,1981,0
tintas_oberlin,1981,3428
tintas_othello,1981,25750
tintas_paco,1981,0
tintas_patricia,1981,0
tintas_seibel,1981,13187936
tintas_seibel2_seibeleto,1981,0
tintas_seyvewillard_tinta,1981,0
tintas_vênus,1981,0
brancaserosadas,1981,7412211
brancaserosadas_baco,1981,0
brancaserosadas_bokay,1981,0
brancaserosadas_brsclara,1981,0
brancaserosadas_brslorena,1981,0
brancaserosadas_couderc13,1981,0
brancaserosadas_delaware,1981,4630
brancaserosadas_donazilla,1981,0
brancaserosadas_dutchess,1981,0
brancaserosadas_goethe,1981,72134
brancaserosadas_iac,1981,0
brancaserosadas_juliana,1981,0
brancaserosadas_martha,1981,1041
brancaserosadas_mistura_de_uvas_americanas,1981,0
brancaserosadas_moscatoembrapa,1981,0
brancaserosadas_niagara,1981,6714199
brancaserosadas_niagarabranca,1981,0
brancaserosadas_niagararosada,1981,0
brancaserosadas_poloske,1981,0
brancaserosadas_selecoes,1981,0
brancaserosadas_seyvevillard,1981,620207
brancaserosadas_seyvevillard5276,1981,0
brancaserosadas_seyvevillard12375,1981,0
brancaserosadas_tardiadecaxias,1981,0
brancaserosadas_outras,1981,0
tintas,1982,341083460
tintas_bacarina,1982,0
tintas_bailey,1982,0
tintas_bordo,1982,26385123
tintas_bourdin_s,1982,0
tintas_brscarmen,1982,0
tintas_brscora,1982,0
tintas_brs_magna,1982,0
tintas_brs_margot,1982,0
tintas_brsmorena,1982,0
tintas_brs_rubea,1982,0
tintas_brsvioleta,1982,0
tintas_brs_vitoria,1982,0
tintas_champagnon_champanheta,1982,0
tintas_colecoes,1982,0
tintas_concord,1982,11470646
tintas_concordclone30,1982,0
tintas_couderc,1982,6234132
tintas_cynthiana_1,1982,400575
tintas_herbemont,1982,48220049
tintas_iac138022,1982,0
tintas_isabel,1982,237185186
tintas_isabelprecoce,1982,0
tintas_jacquez,1982,796363
tintas_kyoko,1982,0
tintas_landot,1982,30617
tintas_mistura_de_uvas_americanas_tinto,1982,0
tintas_oberlin,1982,5723
tintas_othello,1982,37730
tintas_paco,1982,0
tintas_patricia,1982,0
tintas_seibel,1982,10317316
tintas_seibel2_seibeleto,1982,0
tintas_seyvewillard_tinta,1982,0
tintas_vênus,1982,0
brancaserosadas,1982,13716818
brancaserosadas_baco,1982,319
brancaserosadas_bokay,1982,0
brancaserosadas_brsclara,1982,0
brancaserosadas_brslorena,1982,0
brancaserosadas_couderc13,1982,0
brancaserosadas_delaware,1982,23875
brancaserosadas_donazilla,1982,0
brancaserosadas_dutchess,1982,0
brancaserosadas_goethe,1982,68360
brancaserosadas_iac,1982,0
brancaserosadas_juliana,1982,0
brancaserosadas_martha,1982,3567
brancaserosadas_mistura_de_uvas_americanas,1982,0
brancaserosadas_moscatoembrapa,1982,0
brancaserosadas_niagara,1982,9863766
brancaserosadas_niagarabranca,1982,0
brancaserosadas_niagararosada,1982,0
brancaserosadas_poloske,1982,0
brancaserosadas_selecoes,1982,0
brancaserosadas_seyvevillard,1982,3756931
brancaserosadas_seyvevillard5276,1982,0
brancaserosadas_seyvevillard12375,1982,0
brancaserosadas_tardiadecaxias,1982,0
brancaserosadas_outras,1982,0
tintas,1983,170165573
tintas_bacarina,1983,46640
tintas_bailey,1983,0
tintas_bordo,1983,14872674
tintas_bourdin_s,1983,0
tintas_brscarmen,1983,0
tintas_brscora,1983,0
tintas_brs_magna,1983,0
tintas_brs_margot,1983,0
tintas_brsmorena,1983,0
tintas_brs_rubea,1983,0
tintas_brsvioleta,1983,0
tintas_brs_vitoria,1983,0
tintas_champagnon_champanheta,1983,0
tintas_colecoes,1983,0
tintas_concord,1983,6864134
tintas_concordclone30,1983,0
tintas_couderc,1983,4643069
tintas_cynthiana_1,1983,172523
tintas_herbemont,1983,26085982
tintas_iac138022,1983,0
tintas_isabel,1983,108170744
tintas_isabelprecoce,1983,0
tintas_jacquez,1983,427037
tintas_kyoko,1983,0
tintas_landot,1983,10195
tintas_mistura_de_uvas_americanas_tinto,1983,0
tintas_oberlin,1983,767
tintas_othello,1983,10513
tintas_paco,1983,0
tintas_patricia,1983,0
tintas_seibel,1983,8861295
tintas_seibel2_seibeleto,1983,0
tintas_seyvewillard_tinta,1983,0
tintas_vênus,1983,0
brancaserosadas,1983,9046967
brancaserosadas_baco,1983,0
brancaserosadas_bokay,1983,0
brancaserosadas_brsclara,1983,0
brancaserosadas_brslorena,1983,0
brancaserosadas_couderc13,1983,322338
brancaserosadas_delaware,1983,0
brancaserosadas_donazilla,1983,0
brancaserosadas_dutchess,1983,0
brancaserosadas_goethe,1983,130894
brancaserosadas_iac,1983,0
brancaserosadas_juliana,1983,0
brancaserosadas_martha,1983,1920
brancaserosadas_mistura_de_uvas_americanas,1983,0
brancaserosadas_moscatoembrapa,1983,0
brancaserosadas_niagara,1983,4496756
brancaserosadas_niagarabranca,1983,0
brancaserosadas_niagararosada,1983,0
brancaserosadas_poloske,1983,0
brancaserosadas_selecoes,1983,0
brancaserosadas_seyvevillard,1983,4095059
brancaserosadas_seyvevillard5276,1983,0
brancaserosadas_seyvevillard12375,1983,0
brancaserosadas_tardiadecaxias,1983,0
brancaserosadas_outras,1983,0
tintas,1984,261019229
tintas_bacarina,1984,46767
tintas_bailey,1984,0
tintas_bordo,1984,22146292
tintas_bourdin_s,1984,0
tintas_brscarmen,1984,0
tintas_brscora,1984,0
tintas_brs_magna,1984,0
tintas_brs_margot,1984,0
tintas_brsmorena,1984,0
tintas_brs_rubea,1984,0
tintas_brsvioleta,1984,0
tintas_brs_vitoria,1984,0
tintas_champagnon_champanheta,1984,0
tintas_colecoes,1984,0
tintas_concord,1984,8550370
tintas_concordclone30,1984,0
tintas_couderc,1984,5544207
tintas_cynthiana_1,1984,553285
tintas_herbemont,1984,44313715
tintas_iac138022,1984,0
tintas_isabel,1984,166802020
tintas_isabelprecoce,1984,0
tintas_jacquez,1984,807228
tintas_kyoko,1984,0
tintas_landot,1984,8774
tintas_mistura_de_uvas_americanas_tinto,1984,0
tintas_oberlin,1984,0
tintas_othello,1984,0
tintas_paco,1984,0
tintas_patricia,1984,0
tintas_seibel,1984,12246571
tintas_seibel2_seibeleto,1984,0
tintas_seyvewillard_tinta,1984,0
tintas_vênus,1984,0
brancaserosadas,1984,14368810
brancaserosadas_baco,1984,0
brancaserosadas_bokay,1984,0
brancaserosadas_brsclara,1984,0
brancaserosadas_brslorena,1984,0
brancaserosadas_couderc13,1984,589380
brancaserosadas_delaware,1984,0
brancaserosadas_donazilla,1984,0
brancaserosadas_dutchess,1984,0
brancaserosadas_goethe,1984,169402
brancaserosadas_iac,1984,0
brancaserosadas_juliana,1984,0
brancaserosadas_martha,1984,16321
brancaserosadas_mistura_de_uvas_americanas,1984,0
brancaserosadas_moscatoembrapa,1984,0
brancaserosadas_niagara,1984,8308736
brancaserosadas_niagarabranca,1984,0
brancaserosadas_niagararosada,1984,0
brancaserosadas_poloske,1984,0
brancaserosadas_selecoes,1984,0
brancaserosadas_seyvevillard,1984,5284971
brancaserosadas_seyvevillard5276,1984,0
brancaserosadas_seyvevillard12375,1984,0
brancaserosadas_tardiadecaxias,1984,0
brancaserosadas_outras,1984,0
tintas,1985,385216611
tintas_bacarina,1985,55878
tintas_bailey,1985,0
tintas_bordo,1985,36787283
tintas_bourdin_s,1985,0
tintas_brscarmen,1985,0
tintas_brscora,1985,0
tintas_brs_magna,1985,0
tintas_brs_margot,1985,0
tintas_brsmorena,1985,0
tintas_brs_rubea,1985,0
tintas_brsvioleta,1985,0
tintas_brs_vitoria,1985,0
tintas_champagnon_champanheta,1985,0
tintas_colecoes,1985,0
tintas_concord,1985,17270192
tintas_concordclone30,1985,0
tintas_couderc,1985,7341937
tintas_cynthiana_1,1985,467677
tintas_herbemont,1985,47677634
tintas_iac138022,1985,0
tintas_isabel,1985,261311720
tintas_isabelprecoce,1985,0
tintas_jacquez,1985,883337
tintas_kyoko,1985,0
tintas_landot,1985,21485
tintas_mistura_de_uvas_americanas_tinto,1985,0
tintas_oberlin,1985,177
tintas_othello,1985,4862
tintas_paco,1985,0
tintas_patricia,1985,0
tintas_seibel,1985,13394429
tintas_seibel2_seibeleto,1985,0
tintas_seyvewillard_tinta,1985,0
tintas_vênus,1985,0
brancaserosadas,1985,21256077
brancaserosadas_baco,1985,1688
brancaserosadas_bokay,1985,0
brancaserosadas_brsclara,1985,0
brancaserosadas_brslorena,1985,0
brancaserosadas_couderc13,1985,906354
brancaserosadas_delaware,1985,0
brancaserosadas_donazilla,1985,0
brancaserosadas_dutchess,1985,0
brancaserosadas_goethe,1985,301062
brancaserosadas_iac,1985,0
brancaserosadas_juliana,1985,0
brancaserosadas_martha,1985,9096
brancaserosadas_mistura_de_uvas_americanas,1985,0
brancaserosadas_moscatoembrapa,1985,0
brancaserosadas_niagara,1985,14685699
brancaserosadas_niagarabranca,1985,0
brancaserosadas_niagararosada,1985,0
brancaserosadas_poloske,1985,0
brancaserosadas_selecoes,1985,0
brancaserosadas_seyvevillard,1985,5234899
brancaserosadas_seyvevillard5276,1985,0
brancaserosadas_seyvevillard12375,1985,117279
brancaserosadas_tardiadecaxias,1985,0
brancaserosadas_outras,1985,0
tintas,1986,225069529
tintas_bacarina,1986,26538
tintas_bailey,1986,0
tintas_bordo,1986,23956474
tintas_bourdin_s,1986,0
tintas_brscarmen,1986,0
tintas_brscora,1986,0
tintas_brs_magna,1986,0
tintas_brs_margot,1986,0
tintas_brsmorena,1986,0
tintas_brs_rubea,1986,0
tintas_brsvioleta,1986,0
tintas_brs_vitoria,1986,0
tintas_champagnon_champanheta,1986,0
tintas_colecoes,1986,0
tintas_concord,1986,8864661
tintas_concordclone30,1986,0
tintas_couderc,1986,5474248
tintas_cynthiana_1,1986,304481
tintas_herbemont,1986,29438543
tintas_iac138022,1986,0
tintas_isabel,1986,148440133
tintas_isabelprecoce,1986,0
tintas_jacquez,1986,608629
tintas_kyoko,1986,0
tintas_landot,1986,5953
tintas_mistura_de_uvas_americanas_tinto,1986,0
tintas_oberlin,1986,4770
tintas_othello,1986,4488
tintas_paco,1986,0
tintas_patricia,1986,0
tintas_seibel,1986,7940611
tintas_seibel2_seibeleto,1986,0
tintas_seyvewillard_tinta,1986,0
tintas_vênus,1986,0
brancaserosadas,1986,14188471
brancaserosadas_baco,1986,0
brancaserosadas_bokay,1986,0
brancaserosadas_brsclara,1986,0
brancaserosadas_brslorena,1986,0
brancaserosadas_couderc13,1986,982883
brancaserosadas_delaware,1986,0
brancaserosadas_donazilla,1986,0
brancaserosadas_dutchess,1986,0
brancaserosadas_goethe,1986,363437
brancaserosadas_iac,1986,0
brancaserosadas_juliana,1986,0
brancaserosadas_martha,1986,1155
brancaserosadas_mistura_de_uvas_americanas,1986,0
brancaserosadas_moscatoembrapa,1986,0
brancaserosadas_niagara,1986,9191120
brancaserosadas_niagarabranca,1986,0
brancaserosadas_niagararosada,1986,0
brancaserosadas_poloske,1986,0
brancaserosadas_selecoes,1986,0
brancaserosadas_seyvevillard,1986,3649876
brancaserosadas_seyvevillard5276,1986,0
brancaserosadas_seyvevillard12375,1986,0
brancaserosadas_tardiadecaxias,1986,0
brancaserosadas_outras,1986,0
tintas,1987,218625428
tintas_bacarina,1987,40547
tintas_bailey,1987,0
tintas_bordo,1987,22318163
tintas_bourdin_s,1987,0
tintas_brscarmen,1987,0
tintas_brscora,1987,0
tintas_brs_magna,1987,0
tintas_brs_margot,1987,0
tintas_brsmorena,1987,0
tintas_brs_rubea,1987,0
tintas_brsvioleta,1987,0
tintas_brs_vitoria,1987,0
tintas_champagnon_champanheta,1987,0
tintas_colecoes,1987,0
tintas_concord,1987,11047563
tintas_concordclone30,1987,0
tintas_couderc,1987,6244818
tintas_cynthiana_1,1987,286589
tintas_herbemont,1987,29335178
tintas_iac138022,1987,0
tintas_isabel,1987,140066153
tintas_isabelprecoce,1987,0
tintas_jacquez,1987,532204
tintas_kyoko,1987,0
tintas_landot,1987,3078
tintas_mistura_de_uvas_americanas_tinto,1987,0
tintas_oberlin,1987,85
tintas_othello,1987,3295
tintas_paco,1987,0
tintas_patricia,1987,0
tintas_seibel,1987,8747755
tintas_seibel2_seibeleto,1987,0
tintas_seyvewillard_tinta,1987,0
tintas_vênus,1987,0
brancaserosadas,1987,17527966
brancaserosadas_baco,1987,0
brancaserosadas_bokay,1987,0
brancaserosadas_brsclara,1987,0
brancaserosadas_brslorena,1987,0
brancaserosadas_couderc13,1987,1977492
brancaserosadas_delaware,1987,0
brancaserosadas_donazilla,1987,0
brancaserosadas_dutchess,1987,0
brancaserosadas_goethe,1987,178750
brancaserosadas_iac,1987,0
brancaserosadas_juliana,1987,0
brancaserosadas_martha,1987,3200
brancaserosadas_mistura_de_uvas_americanas,1987,0
brancaserosadas_moscatoembrapa,1987,0
brancaserosadas_niagara,1987,12590860
brancaserosadas_niagarabranca,1987,0
brancaserosadas_niagararosada,1987,0
brancaserosadas_poloske,1987,0
brancaserosadas_selecoes,1987,0
brancaserosadas_seyvevillard,1987,2777664
brancaserosadas_seyvevillard5276,1987,0
brancaserosadas_seyvevillard12375,1987,0
brancaserosadas_tardiadecaxias,1987,0
brancaserosadas_outras,1987,0
tintas,1988,359389651
tintas_bacarina,1988,0
tintas_bailey,1988,0
tintas_bordo,1988,34047360
tintas_bourdin_s,1988,0
tintas_brscarmen,1988,0
tintas_brscora,1988,0
tintas_brs_magna,1988,0
tintas_brs_margot,1988,0
tintas_brsmorena,1988,0
tintas_brs_rubea,1988,0
tintas_brsvioleta,1988,0
tintas_brs_vitoria,1988,0
tintas_champagnon_champanheta,1988,0
tintas_colecoes,1988,0
tintas_concord,1988,16295035
tintas_concordclone30,1988,0
tintas_couderc,1988,6141396
tintas_cynthiana_1,1988,397685
tintas_herbemont,1988,46197631
tintas_iac138022,1988,0
tintas_isabel,1988,235678802
tintas_isabelprecoce,1988,0
tintas_jacquez,1988,841551
tintas_kyoko,1988,0
tintas_landot,1988,8728
tintas_mistura_de_uvas_americanas_tinto,1988,0
tintas_oberlin,1988,460
tintas_othello,1988,91992
tintas_paco,1988,0
tintas_patricia,1988,0
tintas_seibel,1988,19689011
tintas_seibel2_seibeleto,1988,0
tintas_seyvewillard_tinta,1988,0
tintas_vênus,1988,0
brancaserosadas,1988,27423226
brancaserosadas_baco,1988,0
brancaserosadas_bokay,1988,0
brancaserosadas_brsclara,1988,0
brancaserosadas_brslorena,1988,0
brancaserosadas_couderc13,1988,2218296
brancaserosadas_delaware,1988,0
brancaserosadas_donazilla,1988,0
brancaserosadas_dutchess,1988,0
brancaserosadas_goethe,1988,433377
brancaserosadas_iac,1988,0
brancaserosadas_juliana,1988,0
brancaserosadas_martha,1988,5482
brancaserosadas_mistura_de_uvas_americanas,1988,0
brancaserosadas_moscatoembrapa,1988,0
brancaserosadas_niagara,1988,18884834
brancaserosadas_niagarabranca,1988,0
brancaserosadas_niagararosada,1988,0
brancaserosadas_poloske,1988,0
brancaserosadas_selecoes,1988,0
brancaserosadas_seyvevillard,1988,5881237
brancaserosadas_seyvevillard5276,1988,0
brancaserosadas_seyvevillard12375,1988,0
brancaserosadas_tardiadecaxias,1988,0
brancaserosadas_outras,1988,0
tintas,1989,254480942
tintas_bacarina,1989,0
tintas_bailey,1989,0
tintas_bordo,1989,32102192
tintas_bourdin_s,1989,0
tintas_brscarmen,1989,0
tintas_brscora,1989,0
tintas_brs_magna,1989,0
tintas_brs_margot,1989,0
tintas_brsmorena,1989,0
tintas_brs_rubea,1989,0
tintas_brsvioleta,1989,0
tintas_brs_vitoria,1989,0
tintas_champagnon_champanheta,1989,0
tintas_colecoes,1989,0
tintas_concord,1989,12222671
tintas_concordclone30,1989,0
tintas_couderc,1989,8457905
tintas_cynthiana_1,1989,327562
tintas_herbemont,1989,29443570
tintas_iac138022,1989,0
tintas_isabel,1989,159406823
tintas_isabelprecoce,1989,0
tintas_jacquez,1989,804883
tintas_kyoko,1989,0
tintas_landot,1989,2005
tintas_mistura_de_uvas_americanas_tinto,1989,0
tintas_oberlin,1989,276
tintas_othello,1989,72780
tintas_paco,1989,0
tintas_patricia,1989,0
tintas_seibel,1989,11640275
tintas_seibel2_seibeleto,1989,0
tintas_seyvewillard_tinta,1989,0
tintas_vênus,1989,0
brancaserosadas,1989,25521025
brancaserosadas_baco,1989,448
brancaserosadas_bokay,1989,0
brancaserosadas_brsclara,1989,0
brancaserosadas_brslorena,1989,0
brancaserosadas_couderc13,1989,2614887
brancaserosadas_delaware,1989,0
brancaserosadas_donazilla,1989,0
brancaserosadas_dutchess,1989,0
brancaserosadas_goethe,1989,328972
brancaserosadas_iac,1989,0
brancaserosadas_juliana,1989,0
brancaserosadas_martha,1989,8930
brancaserosadas_mistura_de_uvas_americanas,1989,0
brancaserosadas_moscatoembrapa,1989,0
brancaserosadas_niagara,1989,17211883
brancaserosadas_niagarabranca,1989,245263
brancaserosadas_niagararosada,1989,118763
brancaserosadas_poloske,1989,0
brancaserosadas_selecoes,1989,0
brancaserosadas_seyvevillard,1989,4991879
brancaserosadas_seyvevillard5276,1989,0
brancaserosadas_seyvevillard12375,1989,0
brancaserosadas_tardiadecaxias,1989,0
brancaserosadas_outras,1989,0
tintas,1990,314756312
tintas_bacarina,1990,0
tintas_bailey,1990,0
tintas_bordo,1990,32681255
tintas_bourdin_s,1990,0
tintas_brscarmen,1990,0
tintas_brscora,1990,0
tintas_brs_magna,1990,0
tintas_brs_margot,1990,0
tintas_brsmorena,1990,0
tintas_brs_rubea,1990,0
tintas_brsvioleta,1990,0
tintas_brs_vitoria,1990,0
tintas_champagnon_champanheta,1990,0
tintas_colecoes,1990,0
tintas_concord,1990,15417034
tintas_concordclone30,1990,0
tintas_couderc,1990,6959591
tintas_cynthiana_1,1990,342604
tintas_herbemont,1990,33234026
tintas_iac138022,1990,0
tintas_isabel,1990,210877130
tintas_isabelprecoce,1990,0
tintas_jacquez,1990,995409
tintas_kyoko,1990,0
tintas_landot,1990,3243
tintas_mistura_de_uvas_americanas_tinto,1990,0
tintas_oberlin,1990,91
tintas_othello,1990,57552
tintas_paco,1990,0
tintas_patricia,1990,0
tintas_seibel,1990,14188377
tintas_seibel2_seibeleto,1990,0
tintas_seyvewillard_tinta,1990,0
tintas_vênus,1990,0
brancaserosadas,1990,28728839
brancaserosadas_baco,1990,739
brancaserosadas_bokay,1990,0
brancaserosadas_brsclara,1990,0
brancaserosadas_brslorena,1990,0
brancaserosadas_couderc13,1990,2790853
brancaserosadas_delaware,1990,0
brancaserosadas_donazilla,1990,0
brancaserosadas_dutchess,1990,0
brancaserosadas_goethe,1990,472611
brancaserosadas_iac,1990,0
brancaserosadas_juliana,1990,0
brancaserosadas_martha,1990,4001
brancaserosadas_mistura_de_uvas_americanas,1990,0
brancaserosadas_moscatoembrapa,1990,0
brancaserosadas_niagara,1990,20800524
brancaserosadas_niagarabranca,1990,0
brancaserosadas_niagararosada,1990,477502
brancaserosadas_poloske,1990,0
brancaserosadas_selecoes,1990,0
brancaserosadas_seyvevillard,1990,4182609
brancaserosadas_seyvevillard5276,1990,0
brancaserosadas_seyvevillard12375,1990,0
brancaserosadas_tardiadecaxias,1990,0
brancaserosadas_outras,1990,0
tintas,1991,217625877
tintas_bacarina,1991,0
tintas_bailey,1991,0
tintas_bordo,1991,28036345
tintas_bourdin_s,1991,0
tintas_brscarmen,1991,0
tintas_brscora,1991,0
tintas_brs_magna,1991,0
tintas_brs_margot,1991,0
tintas_brsmorena,1991,0
tintas_brs_rubea,1991,0
tintas_brsvioleta,1991,0
tintas_brs_vitoria,1991,0
tintas_champagnon_champanheta,1991,0
tintas_colecoes,1991,0
tintas_concord,1991,14941796
tintas_concordclone30,1991,0
tintas_couderc,1991,5270323
tintas_cynthiana_1,1991,221319
tintas_herbemont,1991,24856167
tintas_iac138022,1991,0
tintas_isabel,1991,132328198
tintas_isabelprecoce,1991,0
tintas_jacquez,1991,1687679
tintas_kyoko,1991,0
tintas_landot,1991,5831
tintas_mistura_de_uvas_americanas_tinto,1991,0
tintas_oberlin,1991,0
tintas_othello,1991,50940
tintas_paco,1991,0
tintas_patricia,1991,0
tintas_seibel,1991,10227279
tintas_seibel2_seibeleto,1991,0
tintas_seyvewillard_tinta,1991,0
tintas_vênus,1991,0
brancaserosadas,1991,23233994
brancaserosadas_baco,1991,1699
brancaserosadas_bokay,1991,0
brancaserosadas_brsclara,1991,0
brancaserosadas_brslorena,1991,0
brancaserosadas_couderc13,1991,2506363
brancaserosadas_delaware,1991,0
brancaserosadas_donazilla,1991,0
brancaserosadas_dutchess,1991,0
brancaserosadas_goethe,1991,431040
brancaserosadas_iac,1991,0
brancaserosadas_juliana,1991,0
brancaserosadas_martha,1991,1449
brancaserosadas_mistura_de_uvas_americanas,1991,0
brancaserosadas_moscatoembrapa,1991,0
brancaserosadas_niagara,1991,17234514
brancaserosadas_niagarabranca,1991,0
brancaserosadas_niagararosada,1991,245082
brancaserosadas_poloske,1991,0
brancaserosadas_selecoes,1991,0
brancaserosadas_seyvevillard,1991,2813847
brancaserosadas_seyvevillard5276,1991,0
brancaserosadas_seyvevillard12375,1991,0
brancaserosadas_tardiadecaxias,1991,0
brancaserosadas_outras,1991,0
tintas,1992,263373326
tintas_bacarina,1992,0
tintas_bailey,1992,0
tintas_bordo,1992,32595535
tintas_bourdin_s,1992,0
tintas_brscarmen,1992,0
tintas_brscora,1992,0
tintas_brs_magna,1992,0
tintas_brs_margot,1992,0
tintas_brsmorena,1992,0
tintas_brs_rubea,1992,0
tintas_brsvioleta,1992,0
tintas_brs_vitoria,1992,0
tintas_champagnon_champanheta,1992,0
tintas_colecoes,1992,0
tintas_concord,1992,14188621
tintas_concordclone30,1992,0
tintas_couderc,1992,6545413
tintas_cynthiana_1,1992,321747
tintas_herbemont,1992,29784144
tintas_iac138022,1992,0
tintas_isabel,1992,164527740
tintas_isabelprecoce,1992,0
tintas_jacquez,1992,1586195
tintas_kyoko,1992,0
tintas_landot,1992,1472
tintas_mistura_de_uvas_americanas_tinto,1992,0
tintas_oberlin,1992,0
tintas_othello,1992,37109
tintas_paco,1992,0
tintas_patricia,1992,0
tintas_seibel,1992,13785350
tintas_seibel2_seibeleto,1992,0
tintas_seyvewillard_tinta,1992,0
tintas_vênus,1992,0
brancaserosadas,1992,19198967
brancaserosadas_baco,1992,1262
brancaserosadas_bokay,1992,0
brancaserosadas_brsclara,1992,0
brancaserosadas_brslorena,1992,0
brancaserosadas_couderc13,1992,3007751
brancaserosadas_delaware,1992,0
brancaserosadas_donazilla,1992,0
brancaserosadas_dutchess,1992,0
brancaserosadas_goethe,1992,74765
brancaserosadas_iac,1992,0
brancaserosadas_juliana,1992,0
brancaserosadas_martha,1992,2100
brancaserosadas_mistura_de_uvas_americanas,1992,0
brancaserosadas_moscatoembrapa,1992,0
brancaserosadas_niagara,1992,12657729
brancaserosadas_niagarabranca,1992,0
brancaserosadas_niagararosada,1992,388417
brancaserosadas_poloske,1992,0
brancaserosadas_selecoes,1992,0
brancaserosadas_seyvevillard,1992,3066943
brancaserosadas_seyvevillard5276,1992,0
brancaserosadas_seyvevillard12375,1992,0
brancaserosadas_tardiadecaxias,1992,0
brancaserosadas_outras,1992,0
tintas,1993,258584904
tintas_bacarina,1993,0
tintas_bailey,1993,0
tintas_bordo,1993,31680138
tintas_bourdin_s,1993,0
tintas_brscarmen,1993,0
tintas_brscora,1993,0
tintas_brs_magna,1993,0
tintas_brs_margot,1993,0
tintas_brsmorena,1993,0
tintas_brs_rubea,1993,0
tintas_brsvioleta,1993,0
tintas_brs_vitoria,1993,0
tintas_champagnon_champanheta,1993,0
tintas_colecoes,1993,0
tintas_concord,1993,19215089
tintas_concordclone30,1993,0
tintas_couderc,1993,7880808
tintas_cynthiana_1,1993,394647
tintas_herbemont,1993,25696041
tintas_iac138022,1993,0
tintas_isabel,1993,160040350
tintas_isabelprecoce,1993,0
tintas_jacquez,1993,1511782
tintas_kyoko,1993,0
tintas_landot,1993,575
tintas_mistura_de_uvas_americanas_tinto,1993,0
tintas_oberlin,1993,0
tintas_othello,1993,65870
tintas_paco,1993,0
tintas_patricia,1993,0
tintas_seibel,1993,12099604
tintas_seibel2_seibeleto,1993,0
tintas_seyvewillard_tinta,1993,0
tintas_vênus,1993,0
brancaserosadas,1993,28443405
brancaserosadas_baco,1993,0
brancaserosadas_bokay,1993,0
brancaserosadas_brsclara,1993,0
brancaserosadas_brslorena,1993,0
brancaserosadas_couderc13,1993,2841307
brancaserosadas_delaware,1993,0
brancaserosadas_donazilla,1993,0
brancaserosadas_dutchess,1993,0
brancaserosadas_goethe,1993,76160
brancaserosadas_iac,1993,0
brancaserosadas_juliana,1993,0
brancaserosadas_martha,1993,0
brancaserosadas_mistura_de_uvas_americanas,1993,0
brancaserosadas_moscatoembrapa,1993,0
brancaserosadas_niagara,1993,21246181
brancaserosadas_niagarabranca,1993,0
brancaserosadas_niagararosada,1993,919565
brancaserosadas_poloske,1993,0
brancaserosadas_selecoes,1993,0
brancaserosadas_seyvevillard,1993,3360192
brancaserosadas_seyvevillard5276,1993,0
brancaserosadas_seyvevillard12375,1993,0
brancaserosadas_tardiadecaxias,1993,0
brancaserosadas_outras,1993,0
tintas,1994,298954232
tintas_bacarina,1994,0
tintas_bailey,1994,0
tintas_bordo,1994,35680856
tintas_bourdin_s,1994,78952
tintas_brscarmen,1994,0
tintas_brscora,1994,0
tintas_brs_magna,1994,0
tintas_brs_margot,1994,0
tintas_brsmorena,1994,0
tintas_brs_rubea,1994,0
tintas_brsvioleta,1994,0
tintas_brs_vitoria,1994,0
tintas_champagnon_champanheta,1994,0
tintas_colecoes,1994,0
tintas_concord,1994,21325339
tintas_concordclone30,1994,0
tintas_couderc,1994,10306977
tintas_cynthiana_1,1994,304456
tintas_herbemont,1994,29001540
tintas_iac138022,1994,508580
tintas_isabel,1994,176725596
tintas_isabelprecoce,1994,0
tintas_jacquez,1994,4133466
tintas_kyoko,1994,0
tintas_landot,1994,1760
tintas_mistura_de_uvas_americanas_tinto,1994,0
tintas_oberlin,1994,62
tintas_othello,1994,70019
tintas_paco,1994,0
tintas_patricia,1994,0
tintas_seibel,1994,20816629
tintas_seibel2_seibeleto,1994,0
tintas_seyvewillard_tinta,1994,0
tintas_vênus,1994,0
brancaserosadas,1994,29216963
brancaserosadas_baco,1994,1952
brancaserosadas_bokay,1994,0
brancaserosadas_brsclara,1994,0
brancaserosadas_brslorena,1994,0
brancaserosadas_couderc13,1994,2341773
brancaserosadas_delaware,1994,0
brancaserosadas_donazilla,1994,0
brancaserosadas_dutchess,1994,0
brancaserosadas_goethe,1994,361587
brancaserosadas_iac,1994,0
brancaserosadas_juliana,1994,0
brancaserosadas_martha,1994,0
brancaserosadas_mistura_de_uvas_americanas,1994,0
brancaserosadas_moscatoembrapa,1994,0
brancaserosadas_niagara,1994,21892480
brancaserosadas_niagarabranca,1994,94323
brancaserosadas_niagararosada,1994,1552087
brancaserosadas_poloske,1994,0
brancaserosadas_selecoes,1994,0
brancaserosadas_seyvevillard,1994,2818418
brancaserosadas_seyvevillard5276,1994,0
brancaserosadas_seyvevillard12375,1994,154343
brancaserosadas_tardiadecaxias,1994,0
brancaserosadas_outras,1994,0
tintas,1995,313953430
tintas_bacarina,1995,0
tintas_bailey,1995,0
tintas_bordo,1995,36409536
tintas_bourdin_s,1995,0
tintas_brscarmen,1995,0
tintas_brscora,1995,0
tintas_brs_magna,1995,0
tintas_brs_margot,1995,0
tintas_brsmorena,1995,0
tintas_brs_rubea,1995,0
tintas_brsvioleta,1995,0
tintas_brs_vitoria,1995,0
tintas_champagnon_champanheta,1995,0
tintas_colecoes,1995,0
tintas_concord,1995,19710821
tintas_concordclone30,1995,0
tintas_couderc,1995,8015634
tintas_cynthiana_1,1995,368619
tintas_herbemont,1995,31362294
tintas_iac138022,1995,0
tintas_isabel,1995,199803720
tintas_isabelprecoce,1995,0
tintas_jacquez,1995,1662439
tintas_kyoko,1995,0
tintas_landot,1995,935
tintas_mistura_de_uvas_americanas_tinto,1995,0
tintas_oberlin,1995,0
tintas_othello,1995,43847
tintas_paco,1995,0
tintas_patricia,1995,0
tintas_seibel,1995,16575585
tintas_seibel2_seibeleto,1995,0
tintas_seyvewillard_tinta,1995,0
tintas_vênus,1995,0
brancaserosadas,1995,30114221
brancaserosadas_baco,1995,1048
brancaserosadas_bokay,1995,0
brancaserosadas_brsclara,1995,0
brancaserosadas_brslorena,1995,0
brancaserosadas_couderc13,1995,3376162
brancaserosadas_delaware,1995,0
brancaserosadas_donazilla,1995,0
brancaserosadas_dutchess,1995,0
brancaserosadas_goethe,1995,47140
brancaserosadas_iac,1995,0
brancaserosadas_juliana,1995,0
brancaserosadas_martha,1995,4454
brancaserosadas_mistura_de_uvas_americanas,1995,0
brancaserosadas_moscatoembrapa,1995,0
brancaserosadas_niagara,1995,22138607
brancaserosadas_niagarabranca,1995,0
brancaserosadas_niagararosada,1995,1454485
brancaserosadas_poloske,1995,0
brancaserosadas_selecoes,1995,0
brancaserosadas_seyvevillard,1995,3092325
brancaserosadas_seyvevillard5276,1995,0
brancaserosadas_seyvevillard12375,1995,0
brancaserosadas_tardiadecaxias,1995,0
brancaserosadas_outras,1995,0
tintas,1996,231499856
tintas_bacarina,1996,0
tintas_bailey,1996,0
tintas_bordo,1996,31280138
tintas_bourdin_s,1996,0
tintas_brscarmen,1996,0
tintas_brscora,1996,0
tintas_brs_magna,1996,0
tintas_brs_margot,1996,0
tintas_brsmorena,1996,0
tintas_brs_rubea,1996,0
tintas_brsvioleta,1996,0
tintas_brs_vitoria,1996,0
tintas_champagnon_champanheta,1996,0
tintas_colecoes,1996,0
tintas_concord,1996,16894753
tintas_concordclone30,1996,0
tintas_couderc,1996,8736532
tintas_cynthiana_1,1996,415262
tintas_herbemont,1996,21055147
tintas_iac138022,1996,0
tintas_isabel,1996,137107664
tintas_isabelprecoce,1996,0
tintas_jacquez,1996,1817283
tintas_kyoko,1996,0
tintas_landot,1996,0
tintas_mistura_de_uvas_americanas_tinto,1996,0
tintas_oberlin,1996,0
tintas_othello,1996,25953
tintas_paco,1996,0
tintas_patricia,1996,0
tintas_seibel,1996,14167124
tintas_seibel2_seibeleto,1996,0
tintas_seyvewillard_tinta,1996,0
tintas_vênus,1996,0
brancaserosadas,1996,21299828
brancaserosadas_baco,1996,1482
brancaserosadas_bokay,1996,0
brancaserosadas_brsclara,1996,0
brancaserosadas_brslorena,1996,0
brancaserosadas_couderc13,1996,2627423
brancaserosadas_delaware,1996,0
brancaserosadas_donazilla,1996,0
brancaserosadas_dutchess,1996,0
brancaserosadas_goethe,1996,341189
brancaserosadas_iac,1996,0
brancaserosadas_juliana,1996,0
brancaserosadas_martha,1996,995
brancaserosadas_mistura_de_uvas_americanas,1996,0
brancaserosadas_moscatoembrapa,1996,0
brancaserosadas_niagara,1996,14560449
brancaserosadas_niagarabranca,1996,15406
brancaserosadas_niagararosada,1996,1391996
brancaserosadas_poloske,1996,0
brancaserosadas_selecoes,1996,0
brancaserosadas_seyvevillard,1996,2311312
brancaserosadas_seyvevillard5276,1996,0
brancaserosadas_seyvevillard12375,1996,0
brancaserosadas_tardiadecaxias,1996,0
brancaserosadas_outras,1996,49576
tintas,1997,276583456
tintas_bacarina,1997,0
tintas_bailey,1997,0
tintas_bordo,1997,32904803
tintas_bourdin_s,1997,0
tintas_brscarmen,1997,0
tintas_brscora,1997,0
tintas_brs_magna,1997,0
tintas_brs_margot,1997,0
tintas_brsmorena,1997,0
tintas_brs_rubea,1997,0
tintas_brsvioleta,1997,0
tintas_brs_vitoria,1997,0
tintas_champagnon_champanheta,1997,0
tintas_colecoes,1997,0
tintas_concord,1997,25314872
tintas_concordclone30,1997,0
tintas_couderc,1997,10236308
tintas_cynthiana_1,1997,470750
tintas_herbemont,1997,24288342
tintas_iac138022,1997,0
tintas_isabel,1997,162509173
tintas_isabelprecoce,1997,0
tintas_jacquez,1997,1913297
tintas_kyoko,1997,0
tintas_landot,1997,0
tintas_mistura_de_uvas_americanas_tinto,1997,0
tintas_oberlin,1997,0
tintas_othello,1997,31225
tintas_paco,1997,0
tintas_patricia,1997,0
tintas_seibel,1997,18914686
tintas_seibel2_seibeleto,1997,0
tintas_seyvewillard_tinta,1997,0
tintas_vênus,1997,0
brancaserosadas,1997,42990852
brancaserosadas_baco,1997,1030
brancaserosadas_bokay,1997,0
brancaserosadas_brsclara,1997,0
brancaserosadas_brslorena,1997,0
brancaserosadas_couderc13,1997,3702369
brancaserosadas_delaware,1997,0
brancaserosadas_donazilla,1997,0
brancaserosadas_dutchess,1997,0
brancaserosadas_goethe,1997,337063
brancaserosadas_iac,1997,0
brancaserosadas_juliana,1997,0
brancaserosadas_martha,1997,9311
brancaserosadas_mistura_de_uvas_americanas,1997,0
brancaserosadas_moscatoembrapa,1997,0
brancaserosadas_niagara,1997,30382883
brancaserosadas_niagarabranca,1997,0
brancaserosadas_niagararosada,1997,6321306
brancaserosadas_poloske,1997,0
brancaserosadas_selecoes,1997,0
brancaserosadas_seyvevillard,1997,0
brancaserosadas_seyvevillard5276,1997,0
brancaserosadas_seyvevillard12375,1997,2219710
brancaserosadas_tardiadecaxias,1997,0
brancaserosadas_outras,1997,17180
tintas,1998,242607184
tintas_bacarina,1998,0
tintas_bailey,1998,0
tintas_bordo,1998,34014727
tintas_bourdin_s,1998,7270
tintas_brscarmen,1998,0
tintas_brscora,1998,0
tintas_brs_magna,1998,0
tintas_brs_margot,1998,0
tintas_brsmorena,1998,0
tintas_brs_rubea,1998,0
tintas_brsvioleta,1998,0
tintas_brs_vitoria,1998,0
tintas_champagnon_champanheta,1998,0
tintas_colecoes,1998,0
tintas_concord,1998,21850423
tintas_concordclone30,1998,0
tintas_couderc,1998,9098481
tintas_cynthiana_1,1998,292590
tintas_herbemont,1998,17315058
tintas_iac138022,1998,0
tintas_isabel,1998,143410394
tintas_isabelprecoce,1998,0
tintas_jacquez,1998,2221138
tintas_kyoko,1998,0
tintas_landot,1998,0
tintas_mistura_de_uvas_americanas_tinto,1998,0
tintas_oberlin,1998,2826
tintas_othello,1998,55456
tintas_paco,1998,0
tintas_patricia,1998,0
tintas_seibel,1998,14338821
tintas_seibel2_seibeleto,1998,0
tintas_seyvewillard_tinta,1998,0
tintas_vênus,1998,0
brancaserosadas,1998,25221416
brancaserosadas_baco,1998,1012
brancaserosadas_bokay,1998,0
brancaserosadas_brsclara,1998,0
brancaserosadas_brslorena,1998,0
brancaserosadas_couderc13,1998,2598439
brancaserosadas_delaware,1998,0
brancaserosadas_donazilla,1998,0
brancaserosadas_dutchess,1998,16342
brancaserosadas_goethe,1998,322158
brancaserosadas_iac,1998,0
brancaserosadas_juliana,1998,0
brancaserosadas_martha,1998,4307
brancaserosadas_mistura_de_uvas_americanas,1998,0
brancaserosadas_moscatoembrapa,1998,0
brancaserosadas_niagara,1998,16338939
brancaserosadas_niagarabranca,1998,0
brancaserosadas_niagararosada,1998,4312102
brancaserosadas_poloske,1998,0
brancaserosadas_selecoes,1998,0
brancaserosadas_seyvevillard,1998,1564884
brancaserosadas_seyvevillard5276,1998,0
brancaserosadas_seyvevillard12375,1998,63233
brancaserosadas_tardiadecaxias,1998,0
brancaserosadas_outras,1998,0
tintas,1999,327487348
tintas_bacarina,1999,0
tintas_bailey,1999,0
tintas_bordo,1999,40736069
tintas_bourdin_s,1999,0
tintas_brscarmen,1999,0
tintas_brscora,1999,0
tintas_brs_magna,1999,0
tintas_brs_margot,1999,0
tintas_brsmorena,1999,0
tintas_brs_rubea,1999,0
tintas_brsvioleta,1999,0
tintas_brs_vitoria,1999,0
tintas_champagnon_champanheta,1999,0
tintas_colecoes,1999,0
tintas_concord,1999,21225797
tintas_concordclone30,1999,0
tintas_couderc,1999,15235782
tintas_cynthiana_1,1999,501809
tintas_herbemont,1999,25009687
tintas_iac138022,1999,0
tintas_isabel,1999,195025199
tintas_isabelprecoce,1999,0
tintas_jacquez,1999,1735671
tintas_kyoko,1999,0
tintas_landot,1999,0
tintas_mistura_de_uvas_americanas_tinto,1999,0
tintas_oberlin,1999,0
tintas_othello,1999,70987
tintas_paco,1999,0
tintas_patricia,1999,0
tintas_seibel,1999,27946347
tintas_seibel2_seibeleto,1999,0
tintas_seyvewillard_tinta,1999,0
tintas_vênus,1999,0
brancaserosadas,1999,41020063
brancaserosadas_baco,1999,106
brancaserosadas_bokay,1999,0
brancaserosadas_brsclara,1999,0
brancaserosadas_brslorena,1999,0
brancaserosadas_couderc13,1999,4524048
brancaserosadas_delaware,1999,0
brancaserosadas_donazilla,1999,0
brancaserosadas_dutchess,1999,15706
brancaserosadas_goethe,1999,318742
brancaserosadas_iac,1999,0
brancaserosadas_juliana,1999,0
brancaserosadas_martha,1999,5128
brancaserosadas_mistura_de_uvas_americanas,1999,0
brancaserosadas_moscatoembrapa,1999,51522
brancaserosadas_niagara,1999,1467529
brancaserosadas_niagarabranca,1999,26743235
brancaserosadas_niagararosada,1999,5387168
brancaserosadas_poloske,1999,0
brancaserosadas_selecoes,1999,0
brancaserosadas_seyvevillard,1999,1741794
brancaserosadas_seyvevillard5276,1999,0
brancaserosadas_seyvevillard12375,1999,426691
brancaserosadas_tardiadecaxias,1999,0
brancaserosadas_outras,1999,338394
tintas,2000,397963584
tintas_bacarina,2000,0
tintas_bailey,2000,0
tintas_bordo,2000,52382471
tintas_bourdin_s,2000,0
tintas_brscarmen,2000,0
tintas_brscora,2000,0
tintas_brs_magna,2000,0
tintas_brs_margot,2000,0
tintas_brsmorena,2000,0
tintas_brs_rubea,2000,6716
tintas_brsvioleta,2000,0
tintas_brs_vitoria,2000,0
tintas_champagnon_champanheta,2000,0
tintas_colecoes,2000,0
tintas_concord,2000,30977892
tintas_concordclone30,2000,0
tintas_couderc,2000,18482712
tintas_cynthiana_1,2000,655439
tintas_herbemont,2000,25932525
tintas_iac138022,2000,0
tintas_isabel,2000,237507385
tintas_isabelprecoce,2000,0
tintas_jacquez,2000,0
tintas_kyoko,2000,0
tintas_landot,2000,223
tintas_mistura_de_uvas_americanas_tinto,2000,0
tintas_oberlin,2000,4380
tintas_othello,2000,80659
tintas_paco,2000,0
tintas_patricia,2000,0
tintas_seibel,2000,31253537
tintas_seibel2_seibeleto,2000,0
tintas_seyvewillard_tinta,2000,679645
tintas_vênus,2000,0
brancaserosadas,2000,49381965
brancaserosadas_baco,2000,0
brancaserosadas_bokay,2000,0
brancaserosadas_brsclara,2000,0
brancaserosadas_brslorena,2000,0
brancaserosadas_couderc13,2000,6123476
brancaserosadas_delaware,2000,0
brancaserosadas_donazilla,2000,89841
brancaserosadas_dutchess,2000,0
brancaserosadas_goethe,2000,501930
brancaserosadas_iac,2000,0
brancaserosadas_juliana,2000,0
brancaserosadas_martha,2000,10397
brancaserosadas_mistura_de_uvas_americanas,2000,0
brancaserosadas_moscatoembrapa,2000,73931
brancaserosadas_niagara,2000,0
brancaserosadas_niagarabranca,2000,29969046
brancaserosadas_niagararosada,2000,10125596
brancaserosadas_poloske,2000,0
brancaserosadas_selecoes,2000,0
brancaserosadas_seyvevillard,2000,982857
brancaserosadas_seyvevillard5276,2000,0
brancaserosadas_seyvevillard12375,2000,1447387
brancaserosadas_tardiadecaxias,2000,0
brancaserosadas_outras,2000,57504
tintas,2001,324932786
tintas_bacarina,2001,0
tintas_bailey,2001,425674
tintas_bordo,2001,42098781
tintas_bourdin_s,2001,0
tintas_brscarmen,2001,0
tintas_brscora,2001,0
tintas_brs_magna,2001,0
tintas_brs_margot,2001,0
tintas_brsmorena,2001,0
tintas_brs_rubea,2001,32167
tintas_brsvioleta,2001,0
tintas_brs_vitoria,2001,0
tintas_champagnon_champanheta,2001,0
tintas_colecoes,2001,0
tintas_concord,2001,32948855
tintas_concordclone30,2001,0
tintas_couderc,2001,17623308
tintas_cynthiana_1,2001,788473
tintas_herbemont,2001,17762997
tintas_iac138022,2001,0
tintas_isabel,2001,188547951
tintas_isabelprecoce,2001,0
tintas_jacquez,2001,0
tintas_kyoko,2001,0
tintas_landot,2001,1585
tintas_mistura_de_uvas_americanas_tinto,2001,0
tintas_oberlin,2001,0
tintas_othello,2001,155060
tintas_paco,2001,0
tintas_patricia,2001,0
tintas_seibel,2001,20842760
tintas_seibel2_seibeleto,2001,2842841
tintas_seyvewillard_tinta,2001,862334
tintas_vênus,2001,0
brancaserosadas,2001,61332258
brancaserosadas_baco,2001,0
brancaserosadas_bokay,2001,0
brancaserosadas_brsclara,2001,0
brancaserosadas_brslorena,2001,0
brancaserosadas_couderc13,2001,7809061
brancaserosadas_delaware,2001,0
brancaserosadas_donazilla,2001,251529
brancaserosadas_dutchess,2001,0
brancaserosadas_goethe,2001,379003
brancaserosadas_iac,2001,0
brancaserosadas_juliana,2001,0
brancaserosadas_martha,2001,16353
brancaserosadas_mistura_de_uvas_americanas,2001,0
brancaserosadas_moscatoembrapa,2001,875554
brancaserosadas_niagara,2001,0
brancaserosadas_niagarabranca,2001,34145485
brancaserosadas_niagararosada,2001,16150486
brancaserosadas_poloske,2001,0
brancaserosadas_selecoes,2001,0
brancaserosadas_seyvevillard,2001,726630
brancaserosadas_seyvevillard5276,2001,0
brancaserosadas_seyvevillard12375,2001,936740
brancaserosadas_tardiadecaxias,2001,25735
brancaserosadas_outras,2001,15682
tintas,2002,369274630
tintas_bacarina,2002,18100
tintas_bailey,2002,12421
tintas_bordo,2002,54989827
tintas_bourdin_s,2002,0
tintas_brscarmen,2002,0
tintas_brscora,2002,0
tintas_brs_magna,2002,0
tintas_brs_margot,2002,0
tintas_brsmorena,2002,0
tintas_brs_rubea,2002,68948
tintas_brsvioleta,2002,0
tintas_brs_vitoria,2002,0
tintas_champagnon_champanheta,2002,5905
tintas_colecoes,2002,490
tintas_concord,2002,34686034
tintas_concordclone30,2002,0
tintas_couderc,2002,20199921
tintas_cynthiana_1,2002,741160
tintas_herbemont,2002,15343264
tintas_iac138022,2002,0
tintas_isabel,2002,211737269
tintas_isabelprecoce,2002,0
tintas_jacquez,2002,24008333
tintas_kyoko,2002,0
tintas_landot,2002,0
tintas_mistura_de_uvas_americanas_tinto,2002,0
tintas_oberlin,2002,2610
tintas_othello,2002,0
tintas_paco,2002,0
tintas_patricia,2002,0
tintas_seibel,2002,4101
tintas_seibel2_seibeleto,2002,6693445
tintas_seyvewillard_tinta,2002,762802
tintas_vênus,2002,0
brancaserosadas,2002,57315866
brancaserosadas_baco,2002,155
brancaserosadas_bokay,2002,0
brancaserosadas_brsclara,2002,0
brancaserosadas_brslorena,2002,0
brancaserosadas_couderc13,2002,7605912
brancaserosadas_delaware,2002,5360
brancaserosadas_donazilla,2002,83222
brancaserosadas_dutchess,2002,0
brancaserosadas_goethe,2002,463452
brancaserosadas_iac,2002,0
brancaserosadas_juliana,2002,0
brancaserosadas_martha,2002,15890
brancaserosadas_mistura_de_uvas_americanas,2002,0
brancaserosadas_moscatoembrapa,2002,1149812
brancaserosadas_niagara,2002,0
brancaserosadas_niagarabranca,2002,36195634
brancaserosadas_niagararosada,2002,10417448
brancaserosadas_poloske,2002,0
brancaserosadas_selecoes,2002,0
brancaserosadas_seyvevillard,2002,423282
brancaserosadas_seyvevillard5276,2002,0
brancaserosadas_seyvevillard12375,2002,867152
brancaserosadas_tardiadecaxias,2002,19580
brancaserosadas_outras,2002,68967
tintas,2003,286752289
tintas_bacarina,2003,15505
tintas_bailey,2003,7917
tintas_bordo,2003,39213494
tintas_bourdin_s,2003,0
tintas_brscarmen,2003,0
tintas_brscora,2003,0
tintas_brs_magna,2003,0
tintas_brs_margot,2003,0
tintas_brsmorena,2003,0
tintas_brs_rubea,2003,74254
tintas_brsvioleta,2003,0
tintas_brs_vitoria,2003,0
tintas_champagnon_champanheta,2003,26979
tintas_colecoes,2003,0
tintas_concord,2003,27455055
tintas_concordclone30,2003,0
tintas_couderc,2003,22395538
tintas_cynthiana_1,2003,809515
tintas_herbemont,2003,17060345
tintas_iac138022,2003,0
tintas_isabel,2003,151317201
tintas_isabelprecoce,2003,0
tintas_jacquez,2003,20945416
tintas_kyoko,2003,0
tintas_landot,2003,0
tintas_mistura_de_uvas_americanas_tinto,2003,0
tintas_oberlin,2003,2230
tintas_othello,2003,0
tintas_paco,2003,0
tintas_patricia,2003,0
tintas_seibel,2003,2550
tintas_seibel2_seibeleto,2003,6423177
tintas_seyvewillard_tinta,2003,1003113
tintas_vênus,2003,0
brancaserosadas,2003,53156823
brancaserosadas_baco,2003,0
brancaserosadas_bokay,2003,0
brancaserosadas_brsclara,2003,0
brancaserosadas_brslorena,2003,0
brancaserosadas_couderc13,2003,8908218
brancaserosadas_delaware,2003,0
brancaserosadas_donazilla,2003,105665
brancaserosadas_dutchess,2003,0
brancaserosadas_goethe,2003,246111
brancaserosadas_iac,2003,0
brancaserosadas_juliana,2003,0
brancaserosadas_martha,2003,8845
brancaserosadas_mistura_de_uvas_americanas,2003,0
brancaserosadas_moscatoembrapa,2003,1445602
brancaserosadas_niagara,2003,0
brancaserosadas_niagarabranca,2003,31185522
brancaserosadas_niagararosada,2003,9527834
brancaserosadas_poloske,2003,0
brancaserosadas_selecoes,2003,0
brancaserosadas_seyvevillard,2003,994378
brancaserosadas_seyvevillard5276,2003,0
brancaserosadas_seyvevillard12375,2003,0
brancaserosadas_tardiadecaxias,2003,23276
brancaserosadas_outras,2003,711372
tintas,2004,447942704
tintas_bacarina,2004,17570
tintas_bailey,2004,35614
tintas_bordo,2004,70888283
tintas_bourdin_s,2004,0
tintas_brscarmen,2004,0
tintas_brscora,2004,0
tintas_brs_magna,2004,0
tintas_brs_margot,2004,0
tintas_brsmorena,2004,0
tintas_brs_rubea,2004,230237
tintas_brsvioleta,2004,0
tintas_brs_vitoria,2004,0
tintas_champagnon_champanheta,2004,23144
tintas_colecoes,2004,5386
tintas_concord,2004,36107207
tintas_concordclone30,2004,0
tintas_couderc,2004,30938797
tintas_cynthiana_1,2004,1093197
tintas_herbemont,2004,18289740
tintas_iac138022,2004,0
tintas_isabel,2004,245112515
tintas_isabelprecoce,2004,0
tintas_jacquez,2004,31496317
tintas_kyoko,2004,0
tintas_landot,2004,0
tintas_mistura_de_uvas_americanas_tinto,2004,0
tintas_oberlin,2004,4470
tintas_othello,2004,0
tintas_paco,2004,0
tintas_patricia,2004,0
tintas_seibel,2004,6249764
tintas_seibel2_seibeleto,2004,6330118
tintas_seyvewillard_tinta,2004,1120345
tintas_vênus,2004,0
brancaserosadas,2004,68479972
brancaserosadas_baco,2004,0
brancaserosadas_bokay,2004,0
brancaserosadas_brsclara,2004,0
brancaserosadas_brslorena,2004,151131
brancaserosadas_couderc13,2004,9332646
brancaserosadas_delaware,2004,0
brancaserosadas_donazilla,2004,51939
brancaserosadas_dutchess,2004,0
brancaserosadas_goethe,2004,514160
brancaserosadas_iac,2004,0
brancaserosadas_juliana,2004,0
brancaserosadas_martha,2004,17610
brancaserosadas_mistura_de_uvas_americanas,2004,0
brancaserosadas_moscatoembrapa,2004,2328928
brancaserosadas_niagara,2004,0
brancaserosadas_niagarabranca,2004,41747941
brancaserosadas_niagararosada,2004,12632861
brancaserosadas_poloske,2004,0
brancaserosadas_selecoes,2004,0
brancaserosadas_seyvevillard,2004,1029919
brancaserosadas_seyvevillard5276,2004,661492
brancaserosadas_seyvevillard12375,2004,0
brancaserosadas_tardiadecaxias,2004,11345
brancaserosadas_outras,2004,0
tintas,2005,359381282
tintas_bacarina,2005,21520
tintas_bailey,2005,66503
tintas_bordo,2005,64174362
tintas_bourdin_s,2005,0
tintas_brscarmen,2005,0
tintas_brscora,2005,0
tintas_brs_magna,2005,0
tintas_brs_margot,2005,0
tintas_brsmorena,2005,0
tintas_brs_rubea,2005,308905
tintas_brsvioleta,2005,0
tintas_brs_vitoria,2005,0
tintas_champagnon_champanheta,2005,5643
tintas_colecoes,2005,10905
tintas_concord,2005,37460265
tintas_concordclone30,2005,0
tintas_couderc,2005,25596933
tintas_cynthiana_1,2005,977034
tintas_herbemont,2005,14772530
tintas_iac138022,2005,0
tintas_isabel,2005,185966788
tintas_isabelprecoce,2005,0
tintas_jacquez,2005,20571911
tintas_kyoko,2005,0
tintas_landot,2005,0
tintas_mistura_de_uvas_americanas_tinto,2005,0
tintas_oberlin,2005,2855
tintas_othello,2005,0
tintas_paco,2005,0
tintas_patricia,2005,14864
tintas_seibel,2005,5824509
tintas_seibel2_seibeleto,2005,2559450
tintas_seyvewillard_tinta,2005,1032585
tintas_vênus,2005,13720
brancaserosadas,2005,63289135
brancaserosadas_baco,2005,0
brancaserosadas_bokay,2005,0
brancaserosadas_brsclara,2005,0
brancaserosadas_brslorena,2005,565303
brancaserosadas_couderc13,2005,7870793
brancaserosadas_delaware,2005,0
brancaserosadas_donazilla,2005,46844
brancaserosadas_dutchess,2005,0
brancaserosadas_goethe,2005,522887
brancaserosadas_iac,2005,0
brancaserosadas_juliana,2005,0
brancaserosadas_martha,2005,10060
brancaserosadas_mistura_de_uvas_americanas,2005,0
brancaserosadas_moscatoembrapa,2005,2813056
brancaserosadas_niagara,2005,0
brancaserosadas_niagarabranca,2005,37394435
brancaserosadas_niagararosada,2005,12605714
brancaserosadas_poloske,2005,0
brancaserosadas_selecoes,2005,0
brancaserosadas_seyvevillard,2005,952715
brancaserosadas_seyvevillard5276,2005,494908
brancaserosadas_seyvevillard12375,2005,0
brancaserosadas_tardiadecaxias,2005,12420
brancaserosadas_outras,2005,0
tintas,2006,310671646
tintas_bacarina,2006,11545
tintas_bailey,2006,94805
tintas_bordo,2006,54568468
tintas_bourdin_s,2006,0
tintas_brscarmen,2006,0
tintas_brscora,2006,0
tintas_brs_magna,2006,0
tintas_brs_margot,2006,0
tintas_brsmorena,2006,0
tintas_brs_rubea,2006,366671
tintas_brsvioleta,2006,0
tintas_brs_vitoria,2006,0
tintas_champagnon_champanheta,2006,10848
tintas_colecoes,2006,13311
tintas_concord,2006,26526274
tintas_concordclone30,2006,0
tintas_couderc,2006,23869435
tintas_cynthiana_1,2006,932587
tintas_herbemont,2006,11490495
tintas_iac138022,2006,0
tintas_isabel,2006,163125701
tintas_isabelprecoce,2006,8140
tintas_jacquez,2006,21500205
tintas_kyoko,2006,0
tintas_landot,2006,0
tintas_mistura_de_uvas_americanas_tinto,2006,0
tintas_oberlin,2006,952
tintas_othello,2006,0
tintas_paco,2006,0
tintas_patricia,2006,20310
tintas_seibel,2006,4764595
tintas_seibel2_seibeleto,2006,2417681
tintas_seyvewillard_tinta,2006,949623
tintas_vênus,2006,0
brancaserosadas,2006,56411010
brancaserosadas_baco,2006,28300
brancaserosadas_bokay,2006,0
brancaserosadas_brsclara,2006,0
brancaserosadas_brslorena,2006,1366570
brancaserosadas_couderc13,2006,7903159
brancaserosadas_delaware,2006,0
brancaserosadas_donazilla,2006,13660
brancaserosadas_dutchess,2006,0
brancaserosadas_goethe,2006,491419
brancaserosadas_iac,2006,0
brancaserosadas_juliana,2006,0
brancaserosadas_martha,2006,9302
brancaserosadas_mistura_de_uvas_americanas,2006,0
brancaserosadas_moscatoembrapa,2006,4274628
brancaserosadas_niagara,2006,0
brancaserosadas_niagarabranca,2006,32398672
brancaserosadas_niagararosada,2006,8736346
brancaserosadas_poloske,2006,0
brancaserosadas_selecoes,2006,2360
brancaserosadas_seyvevillard,2006,915917
brancaserosadas_seyvevillard5276,2006,260294
brancaserosadas_seyvevillard12375,2006,0
brancaserosadas_tardiadecaxias,2006,10383
brancaserosadas_outras,2006,0
tintas,2007,430628346
tintas_bacarina,2007,12070
tintas_bailey,2007,236139
tintas_bordo,2007,76907674
tintas_bourdin_s,2007,0
tintas_brscarmen,2007,0
tintas_brscora,2007,4370
tintas_brs_magna,2007,0
tintas_brs_margot,2007,0
tintas_brsmorena,2007,0
tintas_brs_rubea,2007,605247
tintas_brsvioleta,2007,0
tintas_brs_vitoria,2007,0
tintas_champagnon_champanheta,2007,7130
tintas_colecoes,2007,30942
tintas_concord,2007,25732390
tintas_concordclone30,2007,0
tintas_couderc,2007,32652378
tintas_cynthiana_1,2007,1705777
tintas_herbemont,2007,18204806
tintas_iac138022,2007,0
tintas_isabel,2007,228558808
tintas_isabelprecoce,2007,86037
tintas_jacquez,2007,32478164
tintas_kyoko,2007,0
tintas_landot,2007,0
tintas_mistura_de_uvas_americanas_tinto,2007,0
tintas_oberlin,2007,3060
tintas_othello,2007,0
tintas_paco,2007,0
tintas_patricia,2007,38018
tintas_seibel,2007,8603117
tintas_seibel2_seibeleto,2007,3349837
tintas_seyvewillard_tinta,2007,1412382
tintas_vênus,2007,0
brancaserosadas,2007,67888444
brancaserosadas_baco,2007,0
brancaserosadas_bokay,2007,0
brancaserosadas_brsclara,2007,0
brancaserosadas_brslorena,2007,3312021
brancaserosadas_couderc13,2007,11367849
brancaserosadas_delaware,2007,0
brancaserosadas_donazilla,2007,57310
brancaserosadas_dutchess,2007,0
brancaserosadas_goethe,2007,791379
brancaserosadas_iac,2007,0
brancaserosadas_juliana,2007,7000
brancaserosadas_martha,2007,6038
brancaserosadas_mistura_de_uvas_americanas,2007,0
brancaserosadas_moscatoembrapa,2007,6621952
brancaserosadas_niagara,2007,0
brancaserosadas_niagarabranca,2007,33749294
brancaserosadas_niagararosada,2007,10383783
brancaserosadas_poloske,2007,0
brancaserosadas_selecoes,2007,5370
brancaserosadas_seyvevillard,2007,1139845
brancaserosadas_seyvevillard5276,2007,406600
brancaserosadas_seyvevillard12375,2007,0
brancaserosadas_tardiadecaxias,2007,40003
brancaserosadas_outras,2007,0
tintas,2008,466504230
tintas_bacarina,2008,16780
tintas_bailey,2008,235828
tintas_bordo,2008,97644667
tintas_bourdin_s,2008,0
tintas_brscarmen,2008,0
tintas_brscora,2008,59160
tintas_brs_magna,2008,0
tintas_brs_margot,2008,0
tintas_brsmorena,2008,0
tintas_brs_rubea,2008,785389
tintas_brsvioleta,2008,4296
tintas_brs_vitoria,2008,0
tintas_champagnon_champanheta,2008,0
tintas_colecoes,2008,27400
tintas_concord,2008,44291027
tintas_concordclone30,2008,0
tintas_couderc,2008,33179502
tintas_cynthiana_1,2008,1220666
tintas_herbemont,2008,11962083
tintas_iac138022,2008,0
tintas_isabel,2008,236664733
tintas_isabelprecoce,2008,576083
tintas_jacquez,2008,23447261
tintas_kyoko,2008,0
tintas_landot,2008,0
tintas_mistura_de_uvas_americanas_tinto,2008,0
tintas_oberlin,2008,0
tintas_othello,2008,0
tintas_paco,2008,0
tintas_patricia,2008,50848
tintas_seibel,2008,10059544
tintas_seibel2_seibeleto,2008,4276672
tintas_seyvewillard_tinta,2008,1963751
tintas_vênus,2008,38540
brancaserosadas,2008,83917393
brancaserosadas_baco,2008,0
brancaserosadas_bokay,2008,0
brancaserosadas_brsclara,2008,0
brancaserosadas_brslorena,2008,4861871
brancaserosadas_couderc13,2008,10071015
brancaserosadas_delaware,2008,0
brancaserosadas_donazilla,2008,29246
brancaserosadas_dutchess,2008,0
brancaserosadas_goethe,2008,324838
brancaserosadas_iac,2008,0
brancaserosadas_juliana,2008,15380
brancaserosadas_martha,2008,6586
brancaserosadas_mistura_de_uvas_americanas,2008,0
brancaserosadas_moscatoembrapa,2008,8598555
brancaserosadas_niagara,2008,0
brancaserosadas_niagarabranca,2008,43629972
brancaserosadas_niagararosada,2008,14753481
brancaserosadas_poloske,2008,0
brancaserosadas_selecoes,2008,4280
brancaserosadas_seyvevillard,2008,1156969
brancaserosadas_seyvevillard5276,2008,449229
brancaserosadas_seyvevillard12375,2008,0
brancaserosadas_tardiadecaxias,2008,15971
brancaserosadas_outras,2008,0
tintas,2009,391196306
tintas_bacarina,2009,10810
tintas_bailey,2009,559815
tintas_bordo,2009,69521354
tintas_bourdin_s,2009,0
tintas_brscarmen,2009,0
tintas_brscora,2009,335038
tintas_brs_magna,2009,0
tintas_brs_margot,2009,0
tintas_brsmorena,2009,0
tintas_brs_rubea,2009,718461
tintas_brsvioleta,2009,132764
tintas_brs_vitoria,2009,0
tintas_champagnon_champanheta,2009,17498
tintas_colecoes,2009,27109
tintas_concord,2009,39227727
tintas_concordclone30,2009,0
tintas_couderc,2009,29388964
tintas_cynthiana_1,2009,1279382
tintas_herbemont,2009,10968175
tintas_iac138022,2009,0
tintas_isabel,2009,199729598
tintas_isabelprecoce,2009,1632808
tintas_jacquez,2009,24273653
tintas_kyoko,2009,5395
tintas_landot,2009,0
tintas_mistura_de_uvas_americanas_tinto,2009,0
tintas_oberlin,2009,0
tintas_othello,2009,0
tintas_paco,2009,0
tintas_patricia,2009,20380
tintas_seibel,2009,7731667
tintas_seibel2_seibeleto,2009,3974185
tintas_seyvewillard_tinta,2009,1626063
tintas_vênus,2009,15460
brancaserosadas,2009,71110317
brancaserosadas_baco,2009,0
brancaserosadas_bokay,2009,0
brancaserosadas_brsclara,2009,0
brancaserosadas_brslorena,2009,6117429
brancaserosadas_couderc13,2009,11021450
brancaserosadas_delaware,2009,0
brancaserosadas_donazilla,2009,44650
brancaserosadas_dutchess,2009,0
brancaserosadas_goethe,2009,480376
brancaserosadas_iac,2009,0
brancaserosadas_juliana,2009,4060
brancaserosadas_martha,2009,6433
brancaserosadas_mistura_de_uvas_americanas,2009,0
brancaserosadas_moscatoembrapa,2009,11229449
brancaserosadas_niagara,2009,0
brancaserosadas_niagarabranca,2009,30822840
brancaserosadas_niagararosada,2009,9975809
brancaserosadas_poloske,2009,0
brancaserosadas_selecoes,2009,0
brancaserosadas_seyvevillard,2009,1094276
brancaserosadas_seyvevillard5276,2009,305108
brancaserosadas_seyvevillard12375,2009,0
brancaserosadas_tardiadecaxias,2009,8437
brancaserosadas_outras,2009,0
tintas,2010,409514092
tintas_bacarina,2010,7850
tintas_bailey,2010,604895
tintas_bordo,2010,89066377
tintas_bourdin_s,2010,26990
tintas_brscarmen,2010,2296
tintas_brscora,2010,1178530
tintas_brs_magna,2010,0
tintas_brs_margot,2010,0
tintas_brsmorena,2010,12114
tintas_brs_rubea,2010,876076
tintas_brsvioleta,2010,979695
tintas_brs_vitoria,2010,0
tintas_champagnon_champanheta,2010,6000
tintas_colecoes,2010,11624
tintas_concord,2010,41446763
tintas_concordclone30,2010,942685
tintas_couderc,2010,24092319
tintas_cynthiana_1,2010,1151540
tintas_herbemont,2010,7598565
tintas_iac138022,2010,0
tintas_isabel,2010,198927893
tintas_isabelprecoce,2010,5427981
tintas_jacquez,2010,26557467
tintas_kyoko,2010,0
tintas_landot,2010,0
tintas_mistura_de_uvas_americanas_tinto,2010,0
tintas_oberlin,2010,0
tintas_othello,2010,0
tintas_paco,2010,0
tintas_patricia,2010,7085
tintas_seibel,2010,6274394
tintas_seibel2_seibeleto,2010,3062997
tintas_seyvewillard_tinta,2010,1251956
tintas_vênus,2010,0
brancaserosadas,2010,71589617
brancaserosadas_baco,2010,0
brancaserosadas_bokay,2010,0
brancaserosadas_brsclara,2010,3560
brancaserosadas_brslorena,2010,4804262
brancaserosadas_couderc13,2010,8001944
brancaserosadas_delaware,2010,0
brancaserosadas_donazilla,2010,35708
brancaserosadas_dutchess,2010,0
brancaserosadas_goethe,2010,473521
brancaserosadas_iac,2010,650
brancaserosadas_juliana,2010,1500
brancaserosadas_martha,2010,11329
brancaserosadas_mistura_de_uvas_americanas,2010,0
brancaserosadas_moscatoembrapa,2010,8594684
brancaserosadas_niagara,2010,0
brancaserosadas_niagarabranca,2010,35971072
brancaserosadas_niagararosada,2010,12553768
brancaserosadas_poloske,2010,0
brancaserosadas_selecoes,2010,0
brancaserosadas_seyvevillard,2010,873170
brancaserosadas_seyvevillard5276,2010,242528
brancaserosadas_seyvevillard12375,2010,0
brancaserosadas_tardiadecaxias,2010,21921
brancaserosadas_outras,2010,0
tintas,2011,532937101
tintas_bacarina,2011,12930
tintas_bailey,2011,769140
tintas_bordo,2011,139754250
tintas_bourdin_s,2011,0
tintas_brscarmen,2011,48450
tintas_brscora,2011,2844280
tintas_brs_magna,2011,0
tintas_brs_margot,2011,0
tintas_brsmorena,2011,0
tintas_brs_rubea,2011,1333903
tintas_brsvioleta,2011,2404076
tintas_brs_vitoria,2011,0
tintas_champagnon_champanheta,2011,4351
tintas_colecoes,2011,33408
tintas_concord,2011,44201322
tintas_concordclone30,2011,1720732
tintas_couderc,2011,35686727
tintas_cynthiana_1,2011,1249033
tintas_herbemont,2011,8954135
tintas_iac138022,2011,0
tintas_isabel,2011,244626313
tintas_isabelprecoce,2011,7687712
tintas_jacquez,2011,30223434
tintas_kyoko,2011,0
tintas_landot,2011,0
tintas_mistura_de_uvas_americanas_tinto,2011,0
tintas_oberlin,2011,0
tintas_othello,2011,0
tintas_paco,2011,0
tintas_patricia,2011,5885
tintas_seibel,2011,6922384
tintas_seibel2_seibeleto,2011,2839703
tintas_seyvewillard_tinta,2011,1602693
tintas_vênus,2011,12240
brancaserosadas,2011,94137074
brancaserosadas_baco,2011,0
brancaserosadas_bokay,2011,32810
brancaserosadas_brsclara,2011,4820
brancaserosadas_brslorena,2011,7776413
brancaserosadas_couderc13,2011,10982813
brancaserosadas_delaware,2011,0
brancaserosadas_donazilla,2011,29190
brancaserosadas_dutchess,2011,0
brancaserosadas_goethe,2011,414977
brancaserosadas_iac,2011,0
brancaserosadas_juliana,2011,0
brancaserosadas_martha,2011,3060
brancaserosadas_mistura_de_uvas_americanas,2011,0
brancaserosadas_moscatoembrapa,2011,11200409
brancaserosadas_niagara,2011,0
brancaserosadas_niagarabranca,2011,47581756
brancaserosadas_niagararosada,2011,14831369
brancaserosadas_poloske,2011,0
brancaserosadas_selecoes,2011,2022
brancaserosadas_seyvevillard,2011,1007735
brancaserosadas_seyvevillard5276,2011,242415
brancaserosadas_seyvevillard12375,2011,0
brancaserosadas_tardiadecaxias,2011,27285
brancaserosadas_outras,2011,0
tintas,2012,527332818
tintas_bacarina,2012,3820
tintas_bailey,2012,912286
tintas_bordo,2012,127378006
tintas_bourdin_s,2012,0
tintas_brscarmen,2012,278602
tintas_brscora,2012,3098082
tintas_brs_magna,2012,0
tintas_brs_margot,2012,0
tintas_brsmorena,2012,0
tintas_brs_rubea,2012,1332139
tintas_brsvioleta,2012,4009589
tintas_brs_vitoria,2012,0
tintas_champagnon_champanheta,2012,3138
tintas_colecoes,2012,39806
tintas_concord,2012,44395218
tintas_concordclone30,2012,2745160
tintas_couderc,2012,27237702
tintas_cynthiana_1,2012,1492979
tintas_herbemont,2012,7246411
tintas_iac138022,2012,0
tintas_isabel,2012,262942020
tintas_isabelprecoce,2012,11743388
tintas_jacquez,2012,24572149
tintas_kyoko,2012,0
tintas_landot,2012,0
tintas_mistura_de_uvas_americanas_tinto,2012,0
tintas_oberlin,2012,0
tintas_othello,2012,0
tintas_paco,2012,0
tintas_patricia,2012,3015
tintas_seibel,2012,4056234
tintas_seibel2_seibeleto,2012,2491824
tintas_seyvewillard_tinta,2012,1330096
tintas_vênus,2012,21154
brancaserosadas,2012,93549583
brancaserosadas_baco,2012,0
brancaserosadas_bokay,2012,56250
brancaserosadas_brsclara,2012,4120
brancaserosadas_brslorena,2012,8792381
brancaserosadas_couderc13,2012,10185486
brancaserosadas_delaware,2012,0
brancaserosadas_donazilla,2012,23770
brancaserosadas_dutchess,2012,0
brancaserosadas_goethe,2012,776322
brancaserosadas_iac,2012,0
brancaserosadas_juliana,2012,0
brancaserosadas_martha,2012,22321
brancaserosadas_mistura_de_uvas_americanas,2012,0
brancaserosadas_moscatoembrapa,2012,11303572
brancaserosadas_niagara,2012,0
brancaserosadas_niagarabranca,2012,47325170
brancaserosadas_niagararosada,2012,14040879
brancaserosadas_poloske,2012,0
brancaserosadas_selecoes,2012,0
brancaserosadas_seyvevillard,2012,839003
brancaserosadas_seyvevillard5276,2012,151456
brancaserosadas_seyvevillard12375,2012,0
brancaserosadas_tardiadecaxias,2012,28853
brancaserosadas_outras,2012,0
tintas,2013,460738996
tintas_bacarina,2013,2990
tintas_bailey,2013,756000
tintas_bordo,2013,102788361
tintas_bourdin_s,2013,0
tintas_brscarmen,2013,605728
tintas_brscora,2013,3697942
tintas_brs_magna,2013,0
tintas_brs_margot,2013,0
tintas_brsmorena,2013,2600
tintas_brs_rubea,2013,1478269
tintas_brsvioleta,2013,3561414
tintas_brs_vitoria,2013,0
tintas_champagnon_champanheta,2013,106
tintas_colecoes,2013,34072
tintas_concord,2013,34237661
tintas_concordclone30,2013,2326774
tintas_couderc,2013,26722044
tintas_cynthiana_1,2013,1290743
tintas_herbemont,2013,6142005
tintas_iac138022,2013,0
tintas_isabel,2013,232518530
tintas_isabelprecoce,2013,11467561
tintas_jacquez,2013,24997428
tintas_kyoko,2013,0
tintas_landot,2013,0
tintas_mistura_de_uvas_americanas_tinto,2013,0
tintas_oberlin,2013,0
tintas_othello,2013,0
tintas_paco,2013,0
tintas_patricia,2013,3575
tintas_seibel,2013,6727381
tintas_seibel2_seibeleto,2013,275998
tintas_seyvewillard_tinta,2013,1087889
tintas_vênus,2013,13925
brancaserosadas,2013,77174438
brancaserosadas_baco,2013,0
brancaserosadas_bokay,2013,57680
brancaserosadas_brsclara,2013,81130
brancaserosadas_brslorena,2013,7354725
brancaserosadas_couderc13,2013,8564745
brancaserosadas_delaware,2013,0
brancaserosadas_donazilla,2013,15330
brancaserosadas_dutchess,2013,0
brancaserosadas_goethe,2013,469138
brancaserosadas_iac,2013,0
brancaserosadas_juliana,2013,0
brancaserosadas_martha,2013,5642
brancaserosadas_mistura_de_uvas_americanas,2013,0
brancaserosadas_moscatoembrapa,2013,11763335
brancaserosadas_niagara,2013,0
brancaserosadas_niagarabranca,2013,37574776
brancaserosadas_niagararosada,2013,10312310
brancaserosadas_poloske,2013,0
brancaserosadas_selecoes,2013,0
brancaserosadas_seyvevillard,2013,781787
brancaserosadas_seyvevillard5276,2013,180410
brancaserosadas_seyvevillard12375,2013,0
brancaserosadas_tardiadecaxias,2013,13430
brancaserosadas_outras,2013,0
tintas,2014,471555903
tintas_bacarina,2014,3900
tintas_bailey,2014,991449
tintas_bordo,2014,113008320
tintas_bourdin_s,2014,0
tintas_brscarmen,2014,1553111
tintas_brscora,2014,4721454
tintas_brs_magna,2014,600
tintas_brs_margot,2014,3679
tintas_brsmorena,2014,6500
tintas_brs_rubea,2014,1731895
tintas_brsvioleta,2014,6489062
tintas_brs_vitoria,2014,0
tintas_champagnon_champanheta,2014,980
tintas_colecoes,2014,47882
tintas_concord,2014,30755828
tintas_concordclone30,2014,2923699
tintas_couderc,2014,30181906
tintas_cynthiana_1,2014,1490695
tintas_herbemont,2014,4045612
tintas_iac138022,2014,0
tintas_isabel,2014,228517859
tintas_isabelprecoce,2014,12806674
tintas_jacquez,2014,24345429
tintas_kyoko,2014,0
tintas_landot,2014,0
tintas_mistura_de_uvas_americanas_tinto,2014,0
tintas_oberlin,2014,0
tintas_othello,2014,0
tintas_paco,2014,0
tintas_patricia,2014,930
tintas_seibel,2014,6367679
tintas_seibel2_seibeleto,2014,201931
tintas_seyvewillard_tinta,2014,1344919
tintas_vênus,2014,13910
brancaserosadas,2014,68847961
brancaserosadas_baco,2014,0
brancaserosadas_bokay,2014,79390
brancaserosadas_brsclara,2014,0
brancaserosadas_brslorena,2014,9165164
brancaserosadas_couderc13,2014,8990377
brancaserosadas_delaware,2014,0
brancaserosadas_donazilla,2014,12325
brancaserosadas_dutchess,2014,0
brancaserosadas_goethe,2014,346269
brancaserosadas_iac,2014,0
brancaserosadas_juliana,2014,0
brancaserosadas_martha,2014,3050
brancaserosadas_mistura_de_uvas_americanas,2014,0
brancaserosadas_moscatoembrapa,2014,11902554
brancaserosadas_niagara,2014,0
brancaserosadas_niagarabranca,2014,27973518
brancaserosadas_niagararosada,2014,9552430
brancaserosadas_poloske,2014,0
brancaserosadas_selecoes,2014,0
brancaserosadas_seyvevillard,2014,700473
brancaserosadas_seyvevillard5276,2014,107521
brancaserosadas_seyvevillard12375,2014,0
brancaserosadas_tardiadecaxias,2014,14890
brancaserosadas_outras,2014,0
tintas,2015,537592720
tintas_bacarina,2015,0
tintas_bailey,2015,963159
tintas_bordo,2015,137467196
tintas_bourdin_s,2015,0
tintas_brscarmen,2015,2891792
tintas_brscora,2015,5733518
tintas_brs_magna,2015,28560
tintas_brs_margot,2015,15052
tintas_brsmorena,2015,0
tintas_brs_rubea,2015,2034788
tintas_brsvioleta,2015,8295873
tintas_brs_vitoria,2015,0
tintas_champagnon_champanheta,2015,0
tintas_colecoes,2015,44847
tintas_concord,2015,39180980
tintas_concordclone30,2015,4293636
tintas_couderc,2015,27693447
tintas_cynthiana_1,2015,1596711
tintas_herbemont,2015,3282683
tintas_iac138022,2015,0
tintas_isabel,2015,256440505
tintas_isabelprecoce,2015,15254220
tintas_jacquez,2015,24330422
tintas_kyoko,2015,0
tintas_landot,2015,0
tintas_mistura_de_uvas_americanas_tinto,2015,0
tintas_oberlin,2015,0
tintas_othello,2015,0
tintas_paco,2015,0
tintas_patricia,2015,2890
tintas_seibel,2015,6075113
tintas_seibel2_seibeleto,2015,732685
tintas_seyvewillard_tinta,2015,1166954
tintas_vênus,2015,67689
brancaserosadas,2015,95439129
brancaserosadas_baco,2015,0
brancaserosadas_bokay,2015,84430
brancaserosadas_brsclara,2015,0
brancaserosadas_brslorena,2015,9168814
brancaserosadas_couderc13,2015,7605648
brancaserosadas_delaware,2015,0
brancaserosadas_donazilla,2015,34170
brancaserosadas_dutchess,2015,0
brancaserosadas_goethe,2015,481443
brancaserosadas_iac,2015,0
brancaserosadas_juliana,2015,0
brancaserosadas_martha,2015,12334
brancaserosadas_mistura_de_uvas_americanas,2015,0
brancaserosadas_moscatoembrapa,2015,11248259
brancaserosadas_niagara,2015,0
brancaserosadas_niagarabranca,2015,50329681
brancaserosadas_niagararosada,2015,15706093
brancaserosadas_poloske,2015,0
brancaserosadas_selecoes,2015,1500
brancaserosadas_seyvevillard,2015,657086
brancaserosadas_seyvevillard5276,2015,91960
brancaserosadas_seyvevillard12375,2015,0
brancaserosadas_tardiadecaxias,2015,17711
brancaserosadas_outras,2015,0
tintas,2016,235356261
tintas_bacarina,2016,0
tintas_bailey,2016,442784
tintas_bordo,2016,60976531
tintas_bourdin_s,2016,0
tintas_brscarmen,2016,2964574
tintas_brscora,2016,5155752
tintas_brs_magna,2016,275616
tintas_brs_margot,2016,14835
tintas_brsmorena,2016,0
tintas_brs_rubea,2016,1637818
tintas_brsvioleta,2016,5749538
tintas_brs_vitoria,2016,0
tintas_champagnon_champanheta,2016,0
tintas_colecoes,2016,0
tintas_concord,2016,15254862
tintas_concordclone30,2016,1770853
tintas_couderc,2016,17522126
tintas_cynthiana_1,2016,694778
tintas_herbemont,2016,1013198
tintas_iac138022,2016,0
tintas_isabel,2016,98302381
tintas_isabelprecoce,2016,7167904
tintas_jacquez,2016,11518368
tintas_kyoko,2016,0
tintas_landot,2016,0
tintas_mistura_de_uvas_americanas_tinto,2016,0
tintas_oberlin,2016,0
tintas_othello,2016,0
tintas_paco,2016,0
tintas_patricia,2016,0
tintas_seibel,2016,2933430
tintas_seibel2_seibeleto,2016,1387425
tintas_seyvewillard_tinta,2016,571180
tintas_vênus,2016,2308
brancaserosadas,2016,32747787
brancaserosadas_baco,2016,0
brancaserosadas_bokay,2016,37890
brancaserosadas_brsclara,2016,390
brancaserosadas_brslorena,2016,4520872
brancaserosadas_couderc13,2016,4286807
brancaserosadas_delaware,2016,0
brancaserosadas_donazilla,2016,7890
brancaserosadas_dutchess,2016,0
brancaserosadas_goethe,2016,179216
brancaserosadas_iac,2016,0
brancaserosadas_juliana,2016,0
brancaserosadas_martha,2016,0
brancaserosadas_mistura_de_uvas_americanas,2016,0
brancaserosadas_moscatoembrapa,2016,6173966
brancaserosadas_niagara,2016,0
brancaserosadas_niagarabranca,2016,12925747
brancaserosadas_niagararosada,2016,4236495
brancaserosadas_poloske,2016,2250
brancaserosadas_selecoes,2016,0
brancaserosadas_seyvevillard,2016,312824
brancaserosadas_seyvevillard5276,2016,60000
brancaserosadas_seyvevillard12375,2016,0
brancaserosadas_tardiadecaxias,2016,3440
brancaserosadas_outras,2016,0
tintas,2017,600605876
tintas_bacarina,2017,0
tintas_bailey,2017,1370092
tintas_bordo,2017,160146475
tintas_bourdin_s,2017,0
tintas_brscarmen,2017,6771269
tintas_brscora,2017,10085982
tintas_brs_magna,2017,1605458
tintas_brs_margot,2017,42600
tintas_brsmorena,2017,0
tintas_brs_rubea,2017,2529215
tintas_brsvioleta,2017,14432937
tintas_brs_vitoria,2017,0
tintas_champagnon_champanheta,2017,4640
tintas_colecoes,2017,4324
tintas_concord,2017,36172976
tintas_concordclone30,2017,4676208
tintas_couderc,2017,31791586
tintas_cynthiana_1,2017,2083008
tintas_herbemont,2017,3642399
tintas_iac138022,2017,0
tintas_isabel,2017,262423174
tintas_isabelprecoce,2017,20028520
tintas_jacquez,2017,31404577
tintas_kyoko,2017,0
tintas_landot,2017,0
tintas_mistura_de_uvas_americanas_tinto,2017,0
tintas_oberlin,2017,0
tintas_othello,2017,0
tintas_paco,2017,0
tintas_patricia,2017,1300
tintas_seibel,2017,7812493
tintas_seibel2_seibeleto,2017,2476079
tintas_seyvewillard_tinta,2017,1098564
tintas_vênus,2017,2000
brancaserosadas,2017,74888637
brancaserosadas_baco,2017,0
brancaserosadas_bokay,2017,105130
brancaserosadas_brsclara,2017,0
brancaserosadas_brslorena,2017,11704478
brancaserosadas_couderc13,2017,7955879
brancaserosadas_delaware,2017,0
brancaserosadas_donazilla,2017,19110
brancaserosadas_dutchess,2017,0
brancaserosadas_goethe,2017,248470
brancaserosadas_iac,2017,0
brancaserosadas_juliana,2017,0
brancaserosadas_martha,2017,6150
brancaserosadas_mistura_de_uvas_americanas,2017,0
brancaserosadas_moscatoembrapa,2017,11771138
brancaserosadas_niagara,2017,0
brancaserosadas_niagarabranca,2017,30802497
brancaserosadas_niagararosada,2017,11464265
brancaserosadas_poloske,2017,12100
brancaserosadas_selecoes,2017,0
brancaserosadas_seyvevillard,2017,586955
brancaserosadas_seyvevillard5276,2017,206295
brancaserosadas_seyvevillard12375,2017,0
brancaserosadas_tardiadecaxias,2017,6170
brancaserosadas_outras,2017,0
tintas,2018,519506589
tintas_bacarina,2018,0
tintas_bailey,2018,539742
tintas_bordo,2018,158405972
tintas_bourdin_s,2018,0
tintas_brscarmen,2018,7472984
tintas_brscora,2018,8691122
tintas_brs_magna,2018,2292084
tintas_brs_margot,2018,44328
tintas_brsmorena,2018,0
tintas_brs_rubea,2018,2658828
tintas_brsvioleta,2018,13645751
tintas_brs_vitoria,2018,0
tintas_champagnon_champanheta,2018,0
tintas_colecoes,2018,1140
tintas_concord,2018,31971535
tintas_concordclone30,2018,4809154
tintas_couderc,2018,25797806
tintas_cynthiana_1,2018,1200824
tintas_herbemont,2018,1325593
tintas_iac138022,2018,0
tintas_isabel,2018,216921065
tintas_isabelprecoce,2018,17435326
tintas_jacquez,2018,18221292
tintas_kyoko,2018,0
tintas_landot,2018,0
tintas_mistura_de_uvas_americanas_tinto,2018,0
tintas_oberlin,2018,0
tintas_othello,2018,0
tintas_paco,2018,0
tintas_patricia,2018,1401
tintas_seibel,2018,5293981
tintas_seibel2_seibeleto,2018,1967808
tintas_seyvewillard_tinta,2018,802673
tintas_vênus,2018,6180
brancaserosadas,2018,79044471
brancaserosadas_baco,2018,0
brancaserosadas_bokay,2018,80470
brancaserosadas_brsclara,2018,0
brancaserosadas_brslorena,2018,7529654
brancaserosadas_couderc13,2018,5524997
brancaserosadas_delaware,2018,0
brancaserosadas_donazilla,2018,15370
brancaserosadas_dutchess,2018,0
brancaserosadas_goethe,2018,475568
brancaserosadas_iac,2018,0
brancaserosadas_juliana,2018,0
brancaserosadas_martha,2018,7040
brancaserosadas_mistura_de_uvas_americanas,2018,0
brancaserosadas_moscatoembrapa,2018,9535525
brancaserosadas_niagara,2018,0
brancaserosadas_niagarabranca,2018,42948315
brancaserosadas_niagararosada,2018,12308714
brancaserosadas_poloske,2018,11180
brancaserosadas_selecoes,2018,0
brancaserosadas_seyvevillard,2018,462683
brancaserosadas_seyvevillard5276,2018,139575
brancaserosadas_seyvevillard12375,2018,0
brancaserosadas_tardiadecaxias,2018,5380
brancaserosadas_outras,2018,0
tintas,2019,nd
tintas_bacarina,2019,nd
tintas_bailey,2019,nd
tintas_bordo,2019,nd
tintas_bourdin_s,2019,nd
tintas_brscarmen,2019,nd
tintas_brscora,2019,nd
tintas_brs_magna,2019,nd
tintas_brs_margot,2019,nd
tintas_brsmorena,2019,nd
tintas_brs_rubea,2019,nd
tintas_brsvioleta,2019,nd
tintas_brs_vitoria,2019,nd
tintas_champagnon_champanheta,2019,nd
tintas_colecoes,2019,nd
tintas_concord,2019,nd
tintas_concordclone30,2019,nd
tintas_couderc,2019,nd
tintas_cynthiana_1,2019,nd
tintas_herbemont,2019,nd
tintas_iac138022,2019,nd
tintas_isabel,2019,nd
tintas_isabelprecoce,2019,nd
tintas_jacquez,2019,nd
tintas_kyoko,2019,nd
tintas_landot,2019,nd
tintas_mistura_de_uvas_americanas_tinto,2019,nd
tintas_oberlin,2019,nd
tintas_othello,2019,nd
tintas_paco,2019,nd
tintas_patricia,2019,nd
tintas_seibel,2019,nd
tintas_seibel2_seibeleto,2019,nd
tintas_seyvewillard_tinta,2019,nd
tintas_vênus,2019,nd
brancaserosadas,2019,nd
brancaserosadas_baco,2019,nd
brancaserosadas_bokay,2019,nd
brancaserosadas_brsclara,2019,nd
brancaserosadas_brslorena,2019,nd
brancaserosadas_couderc13,2019,nd
brancaserosadas_delaware,2019,nd
brancaserosadas_donazilla,2019,nd
brancaserosadas_dutchess,2019,nd
brancaserosadas_goethe,2019,nd
brancaserosadas_iac,2019,nd
brancaserosadas_juliana,2019,nd
brancaserosadas_martha,2019,nd
brancaserosadas_mistura_de_uvas_americanas,2019,nd
brancaserosadas_moscatoembrapa,2019,nd
brancaserosadas_niagara,2019,nd
brancaserosadas_niagarabranca,2019,nd
brancaserosadas_niagararosada,2019,nd
brancaserosadas_poloske,2019,nd
brancaserosadas_selecoes,2019,nd
brancaserosadas_seyvevillard,2019,nd
brancaserosadas_seyvevillard5276,2019,nd
brancaserosadas_seyvevillard12375,2019,nd
brancaserosadas_tardiadecaxias,2019,nd
brancaserosadas_outras,2019,nd
tintas,2020,376136313
tintas_bacarina,2020,0
tintas_bailey,2020,534981
tintas_bordo,2020,129978861
tintas_bourdin_s,2020,0
tintas_brscarmen,2020,11540681
tintas_brscora,2020,7326286
tintas_brs_magna,2020,3989275
tintas_brs_margot,2020,20771
tintas_brsmorena,2020,0
tintas_brs_rubea,2020,1476672
tintas_brsvioleta,2020,8318514
tintas_brs_vitoria,2020,0
tintas_champagnon_champanheta,2020,0
tintas_colecoes,2020,0
tintas_concord,2020,9984266
tintas_concordclone30,2020,1406305
tintas_couderc,2020,16974342
tintas_cynthiana_1,2020,1084022
tintas_herbemont,2020,1131251
tintas_iac138022,2020,0
tintas_isabel,2020,152414695
tintas_isabelprecoce,2020,12098037
tintas_jacquez,2020,8913460
tintas_kyoko,2020,0
tintas_landot,2020,0
tintas_mistura_de_uvas_americanas_tinto,2020,0
tintas_oberlin,2020,0
tintas_othello,2020,0
tintas_paco,2020,7380
tintas_patricia,2020,0
tintas_seibel,2020,3660374
tintas_seibel2_seibeleto,2020,4538123
tintas_seyvewillard_tinta,2020,735427
tintas_vênus,2020,2590
brancaserosadas,2020,56980104
brancaserosadas_baco,2020,0
brancaserosadas_bokay,2020,91980
brancaserosadas_brsclara,2020,0
brancaserosadas_brslorena,2020,7165025
brancaserosadas_couderc13,2020,3794245
brancaserosadas_delaware,2020,0
brancaserosadas_donazilla,2020,12610
brancaserosadas_dutchess,2020,0
brancaserosadas_goethe,2020,358137
brancaserosadas_iac,2020,0
brancaserosadas_juliana,2020,0
brancaserosadas_martha,2020,6130
brancaserosadas_mistura_de_uvas_americanas,2020,0
brancaserosadas_moscatoembrapa,2020,7836758
brancaserosadas_niagara,2020,0
brancaserosadas_niagarabranca,2020,28672956
brancaserosadas_niagararosada,2020,8740991
brancaserosadas_poloske,2020,14191
brancaserosadas_selecoes,2020,0
brancaserosadas_seyvevillard,2020,313488
brancaserosadas_seyvevillard5276,2020,57423
brancaserosadas_seyvevillard12375,2020,0
brancaserosadas_tardiadecaxias,2020,8150
brancaserosadas_outras,2020,0
tintas,2021,394224543
tintas_bacarina,2021,0
tintas_bailey,2021,4092669
tintas_bordo,2021,117655879
tintas_bourdin_s,2021,0
tintas_brscarmen,2021,13771662
tintas_brscora,2021,6442555
tintas_brs_magna,2021,2094359
tintas_brs_margot,2021,86932
tintas_brsmorena,2021,0
tintas_brs_rubea,2021,191970
tintas_brsvioleta,2021,15601302
tintas_brs_vitoria,2021,125731
tintas_champagnon_champanheta,2021,0
tintas_colecoes,2021,0
tintas_concord,2021,367793
tintas_concordclone30,2021,621693
tintas_couderc,2021,54081578
tintas_cynthiana_1,2021,7346675
tintas_herbemont,2021,14846723
tintas_iac138022,2021,0
tintas_isabel,2021,125664882
tintas_isabelprecoce,2021,12814595
tintas_jacquez,2021,17862770
tintas_kyoko,2021,0
tintas_landot,2021,0
tintas_mistura_de_uvas_americanas_tinto,2021,8617
tintas_oberlin,2021,0
tintas_othello,2021,0
tintas_paco,2021,0
tintas_patricia,2021,0
tintas_seibel,2021,351956
tintas_seibel2_seibeleto,2021,26032
tintas_seyvewillard_tinta,2021,67600
tintas_vênus,2021,100570
brancaserosadas,2021,175576873
brancaserosadas_baco,2021,0
brancaserosadas_bokay,2021,12830
brancaserosadas_brsclara,2021,0
brancaserosadas_brslorena,2021,23133629
brancaserosadas_couderc13,2021,33620117
brancaserosadas_delaware,2021,0
brancaserosadas_donazilla,2021,10610
brancaserosadas_dutchess,2021,0
brancaserosadas_goethe,2021,104596918
brancaserosadas_iac,2021,0
brancaserosadas_juliana,2021,0
brancaserosadas_martha,2021,113040
brancaserosadas_mistura_de_uvas_americanas,2021,1856
brancaserosadas_moscatoembrapa,2021,5747131
brancaserosadas_niagara,2021,0
brancaserosadas_niagarabranca,2021,5574368
brancaserosadas_niagararosada,2021,2170241
brancaserosadas_poloske,2021,402953
brancaserosadas_selecoes,2021,0
brancaserosadas_seyvevillard,2021,0
brancaserosadas_seyvevillard5276,2021,97368
brancaserosadas_seyvevillard12375,2021,61942
brancaserosadas_tardiadecaxias,2021,33870
brancaserosadas_outras,2021,0
tintas,2022,*
tintas_bacarina,2022,*
tintas_bailey,2022,*
tintas_bordo,2022,*
tintas_bourdin_s,2022,*
tintas_brscarmen,2022,*
tintas_brscora,2022,*
tintas_brs_magna,2022,*
tintas_brs_margot,2022,*
tintas_brsmorena,2022,*
tintas_brs_rubea,2022,*
tintas_brsvioleta,2022,*
tintas_brs_vitoria,2022,*
tintas_champagnon_champanheta,2022,*
tintas_colecoes,2022,*
tintas_concord,2022,*
tintas_concordclone30,2022,*
tintas_couderc,2022,*
tintas_cynthiana_1,2022,*
tintas_herbemont,2022,*
tintas_iac138022,2022,*
tintas_isabel,2022,*
tintas_isabelprecoce,2022,*
tintas_jacquez,2022,*
tintas_kyoko,2022,*
tintas_landot,2022,*
tintas_mistura_de_uvas_americanas_tinto,2022,*
tintas_oberlin,2022,*
tintas_othello,2022,*
tintas_paco,2022,*
tintas_patricia,2022,*
tintas_seibel,2022,*
tintas_seibel2_seibeleto,2022,*
tintas_seyvewillard_tinta,2022,*
tintas_vênus,2022,*
brancaserosadas,2022,*
brancaserosadas_baco,2022,*
brancaserosadas_bokay,2022,*
brancaserosadas_brsclara,2022,*
brancaserosadas_brslorena,2022,*
brancaserosadas_couderc13,2022,*
brancaserosadas_delaware,2022,*
brancaserosadas_donazilla,2022,*
brancaserosadas_dutchess,2022,*
brancaserosadas_goethe,2022,*
brancaserosadas_iac,2022,*
brancaserosadas_juliana,2022,*
brancaserosadas_martha,2022,*
brancaserosadas_mistura_de_uvas_americanas,2022,*
brancaserosadas_moscatoembrapa,2022,*
brancaserosadas_niagara,2022,*
brancaserosadas_niagarabranca,2022,*
brancaserosadas_niagararosada,2022,*
brancaserosadas_poloske,2022,*
brancaserosadas_selecoes,2022,*
brancaserosadas_seyvevillard,2022,*
brancaserosadas_seyvevillard5276,2022,*
brancaserosadas_seyvevillard12375,2022,*
brancaserosadas_tardiadecaxias,2022,*
brancaserosadas_outras,2022,*
